,tweet
0,"RT @TVLaint: Paramount+ presenta en exclusiva ''Hecho a la Antigua'', el concierto Ã­ntimo de Ricardo Arjona
https://t.co/Bc077lNT4P https:/â€¦"
1,"ğŸ MisiÃ³n: Imposible
ğŸ¬ Brian de Palma
ğŸ“º Paramount Network
ğŸ—“ 21/ago. â° 15:30
ğŸ“½ AcciÃ³n
â­ï¸ 7.10 https://t.co/FsZSF7YrT9"
2,@TVLaint Otro motivo mÃ¡s para NO suscribirme a Paramount+
3,"Paramount+ presenta en exclusiva ''Hecho a la Antigua'', el concierto Ã­ntimo de Ricardo Arjonaâ€¦ https://t.co/TTAeHHTkPg"
4,"Paramount Channel
  20:07  XXX 2: Estado de emergencia (2005)
  22:00  PersecuciÃ³n extrema (2006)
  23:29  Vendettaâ€¦ https://t.co/QlpA2RjqDy"
5,Aparentemente Paramount+ arreglÃ³ sus malentendidos con las tildes. Albricias.
6,"RT @Criticologos: [SORTEO/GIVEAWAY] Paramount Pictures, y https://t.co/wC17ZlvbZ3 te regalan una copia digital de la pelÃ­cula â€œSnake Eyes:â€¦"
7,"[SORTEO/GIVEAWAY] Paramount Pictures, y https://t.co/wC17ZlvbZ3 te regalan una copia digital de la pelÃ­cula â€œSnakeâ€¦ https://t.co/QYN0jkccZr"
8,"RT @poterios: Una serie que les recomiendo: Yellowstone, con Kevin Costner y Kelly Reilly. 
El mundo vaquero actual en Montana. 
Me pareciÃ³â€¦"
9,"Una de John Cena: PERSECUCIÃ“N EXTREMA (2006) en Paramount Channel el sÃ¡bado 21/08 a las 22:00

[44881970] https://t.co/NIdRnoSZkT"
10,"Michael Bay seguirÃ¡ siendo productor al igual que en 2014 y 2016 en la nueva pelÃ­cula de las Tortugas Ninja, live aâ€¦ https://t.co/LwApj2CnKt"
11,"Una serie que les recomiendo: Yellowstone, con Kevin Costner y Kelly Reilly. 
El mundo vaquero actual en Montana.â€¦ https://t.co/fVySw3btlt"
12,"#Musica
Con un concierto inolvidable, en medio de 5000 velas, acompaÃ±ado de 30 mÃºsicos en uno de los lugares mÃ¡s emâ€¦ https://t.co/T5NphjOzlO"
13,"Thriller espaÃ±ol Parot llega en exclusiva a Paramount+
https://t.co/rEgxMo1i2P https://t.co/hDfF6P23EV"
14,Â¿QuiÃ©n tiene Paramount+? Es que quiero ver la pelÃ­cula de Jojo Siwa.
15,"RT @ParamountNetESP: Dos clÃ¡sicos de la acciÃ³n de los 90, con #NicolasCage como protagonista y ambas de la factorÃ­a Bruckheimer. Â¿Con cuÃ¡lâ€¦"
16,"@jimmyIR200 @HBOMaxLA South Park es de Viacom o sea Paramount+
Igual hay un canal 24/7 en pluto TV de South Park."
17,"@jairoamelo Y no cuentas servicios como Paramount, Blim, y en mi caso gracias al VPN tengo aun mÃ¡s opciones de streâ€¦ https://t.co/iKQMRhdg8p"
18,"@PrimeVideoMX @AmazonHelp 
En algÃºn momento van a poner el tercer capÃ­tulo de icarly?, o como puedo pedir un rembolâ€¦ https://t.co/zABoZ8F0T9"
19,ğŸ¤© Preparate para disfrutar todo el contenido de Paramount + con tu suscripciÃ³n de #ClaroVideo ğŸ’»ğŸ˜ Â¡Muy pronto! https://t.co/ixtcDoQ96i
20,@LeandroTorrenti @sdalcolmo permiso pero en Paramount dan Cocodrilo Dundee
21,@buenapabailar EmpecÃ© a ver The Office en Paramount sÃ³lo llevo tres capÃ­tulos. Me encanto.
22,@Videeodromer Ya salieron cuentas en Paramount o Star????
23,Primero pensÃ© que ella estaba anunciando su nueva pelÃ­cula con PARAMOUNT https://t.co/4LBjgkDG4X https://t.co/J1giSZ8t1y
24,Alguien que tenga Paramount para juntarnos a ver la nueva serie de Bryan Cranston
25,@veelena cuando vieron icarly contrataron paramount ğŸ˜­
26,RT @matiaslinaresx: Â¿Con que nos sorprendera este hermoso pais hoy? Fabiola estarÃ¡ embarazada de Santi Cafuego? Una orda de Yacares atacaraâ€¦
27,Â¿Con que nos sorprendera este hermoso pais hoy? Fabiola estarÃ¡ embarazada de Santi Cafuego? Una orda de Yacares ataâ€¦ https://t.co/xNOs5xQzTv
28,No les voy a mentir que leÃ­ primero Paramount y dije awuebooo https://t.co/RkAKNjzHnx
29,"RT @shiningskabeche: Los de Paramount buscaron directamente a Bryan y Eddy para el doblaje de los personajes de Ruben y Butch, weeeeeeey, nâ€¦"
30,Una con Willem Dafoe y Samuel L. Jackson: XXX 2: ESTADO DE EMERGENCIA (2005) en Paramount Channel el sÃ¡bado 21/08 aâ€¦ https://t.co/aE39x4Txod
31,@StarDonations_ Quero a conta paramount
32,Estaban pasando clueless en Paramount asÃ­ que la vÃ­ por milÃ©sima vez en vez de ponerme a hacer las 50000 cosas queâ€¦ https://t.co/4mDFXRXoM5
33,"@RealTimeRating Y si, Paramount+ no tiene nada, aun asÃ­ me parece que un robo $300"
34,@CableFibertel Buen dÃ­a! CÃ³mo hago para habilitar Paramount? Es gratis?
35,â€œINFINITOâ€ (â€œINFINITEâ€) â€“ PARAMOUNT+ https://t.co/Y16dXZmerp
36,@BrunoElRata Pues no. Esta es la pelÃ­cula que en un principio iba a distribuir Paramount. El anuncio de que se mudaâ€¦ https://t.co/xinzUSElL3
37,@shesandreah Ayer estuve a punto de pagar la app de Paramount
38,"Mi amiga activÃ³ el periodo de prueba de Paramount y entrÃ©, agreguÃ© pelÃ­culas a la watchlist pero ya pasÃ³ el periodo de prueba y no vi nada."
39,"@TVGPCritico Ya lo sÃ©, pero habÃ­a entendido que la versiÃ³n de Paramount se habÃ­a cancelado y esta era una nueva verâ€¦ https://t.co/CGMD2IBc1e"
40,"@BrunoElRata De hecho, en un principio iba a ser producida para cines con distribuciÃ³n de Paramount. Luego, al finaâ€¦ https://t.co/ACDTYZxsiZ"
41,"El esperadÃ­simo trailer de #SpiderManNoWayHome podrÃ­a salir en la CinemaCon, cuyo panel de Sony empezarÃ¡ este Lunesâ€¦ https://t.co/YXeBzGSl5T"
42,RT @teleaudiencias: Paramount Network estrenarÃ¡ el 7 de noviembre en Estados Unidos la 4Âª temporada de 'Yellowstone'. Protagonizada por Kevâ€¦
43,"Pues a darle ğŸƒ en Paramount, California https://t.co/4NnjcAqy8o"
44,"RT @De10mx: #TarjetaDe10 ğŸ¥ğŸ˜®ğŸ¤¯ ""Psicosis"" es considerada una obra maestra del cine... Â¿SabÃ­as que fue rechazada por Paramount Pictures? ğŸ‘‡ httâ€¦"
45,"RT @CarxRefi: Hilo de por quÃ© kally's mashup ES la mejor serie. (Y logros)

- fue tendencia en Netflix y paramount+
- es un Ã©xito en y fuerâ€¦"
46,Paramount adelantÃ³ el estreno digital de Snake Eyes tras su baja recaudaciÃ³n en cines https://t.co/bbbbgIYkuH https://t.co/whrfaLP5Vd
47,"@ParamountPlusLA anunciaron desde hace un mes la pelÃ­cula paw patrol, con disponibilidad en paramount +, ilusionaroâ€¦ https://t.co/3gBLWoqT0I"
48,RT @cuscopost: ğŸš›ğŸššğŸš• MÃ“DULOS DE AUTOS TRANSFORMES LLEGAN A CUSCO ğŸ‘‰ Internauta logrÃ³ filmar convoy de camiones en la ruta Lima - ApurÃ­mac - Cuâ€¦
49,"RT @ParamountNetESP: Dos clÃ¡sicos de la acciÃ³n de los 90, con #NicolasCage como protagonista y ambas de la factorÃ­a Bruckheimer. Â¿Con cuÃ¡lâ€¦"
50,"Conocias ese ""tributo"" Paramount? @johngaltur"
51,Paramount Network estrenarÃ¡ el 7 de noviembre en Estados Unidos la 4Âª temporada de 'Yellowstone'. Protagonizada porâ€¦ https://t.co/yuCZWyWNCc
52,RT @cuscopost: ğŸš›ğŸššğŸš• MÃ“DULOS DE AUTOS TRANSFORMES LLEGAN A CUSCO ğŸ‘‰ Internauta logrÃ³ filmar convoy de camiones en la ruta Lima - ApurÃ­mac - Cuâ€¦
53,RT @cuscopost: ğŸš›ğŸššğŸš• MÃ“DULOS DE AUTOS TRANSFORMES LLEGAN A CUSCO ğŸ‘‰ Internauta logrÃ³ filmar convoy de camiones en la ruta Lima - ApurÃ­mac - Cuâ€¦
54,"Paramount Channel
  15:24  Territorio prohibido (2009)
  17:23  El duodÃ©cimo hombre (2017)
Boing
  15:45  Looney Tuâ€¦ https://t.co/7vp3qOx8Xj"
55,"#Mundo ğŸŒ  Comcast y ViacomCBS han anunciado el nacimiento de un nuevo servicio de video bajo suscripciÃ³n, SkyShowtiâ€¦ https://t.co/sVk3lSWMe9"
56,Ella es Skye y forma parte del equipo de #LaPatrullaCaninaLaPelÃ­cula. Â¡No te la pierdas el 27 de agosto en cines! https://t.co/gxUqpXxbeo
57,"ğŸ Botas audaces para pies diferentes
ğŸ¬ Julian Jarrold
ğŸ“º Paramount Network
ğŸ—“ 21/ago. â° 08:30
ğŸ“½ C.DramÃ¡tica
â­ï¸ 7.10 https://t.co/0twIuwYFit"
58,RT @cuscopost: ğŸš›ğŸššğŸš• MÃ“DULOS DE AUTOS TRANSFORMES LLEGAN A CUSCO ğŸ‘‰ Internauta logrÃ³ filmar convoy de camiones en la ruta Lima - ApurÃ­mac - Cuâ€¦
59,RT @cuscopost: ğŸš›ğŸššğŸš• MÃ“DULOS DE AUTOS TRANSFORMES LLEGAN A CUSCO ğŸ‘‰ Internauta logrÃ³ filmar convoy de camiones en la ruta Lima - ApurÃ­mac - Cuâ€¦
60,@paramount_spain Ã‰sta pelÃ­cula hace que las dos primeras entregas se vean como obras maestrasestras.
61,RT @cuscopost: ğŸš›ğŸššğŸš• MÃ“DULOS DE AUTOS TRANSFORMES LLEGAN A CUSCO ğŸ‘‰ Internauta logrÃ³ filmar convoy de camiones en la ruta Lima - ApurÃ­mac - Cuâ€¦
62,Descubrimiento semanal: echan â€œembrujadasâ€ en el Paramount Network
63,La pelÃ­cula se queda sin timonel y los derechos no se renuevan. Paramount da por perdida la adaptaciÃ³n en marzo deâ€¦ https://t.co/34DDIiEtoi
64,"Conoce a las guerreras de #SnakeEyesElOrigen. Ellas son La Baronesa, Scarlett y Akiko. Â¡No te las pierdas en la graâ€¦ https://t.co/mK1Bh0xtNc"
65,Aquel aÃ±o un grupo de productores (incluidos los de las series de televisiÃ³n Frank Herbert's Duney Children of Duneâ€¦ https://t.co/mQ6LJyzdvK
66,ğŸš›ğŸššğŸš• MÃ“DULOS DE AUTOS TRANSFORMES LLEGAN A CUSCO ğŸ‘‰ Internauta logrÃ³ filmar convoy de camiones en la ruta Lima - Apurâ€¦ https://t.co/MoSnLnj9NH
67,"Anoche vi ""Salvaje"" terrible pelÃ­cula de cÃ³mo una persona arrasa con todo cegado por su propia locura. Russell Crowâ€¦ https://t.co/ufzBplwQQ8"
68,"RT @ParamountPlusLA: Yo tambiÃ©n quiero un abrazo de Spencer ğŸ¥ºï¸

Â¡HOY! Nuevo capÃ­tulo de la nueva temporada de #iCarly solo en Paramount+  @â€¦"
69,"INFINITE ( Paramount+ )
Mark Walbergh siendo Mark Walbergh y Chiwetel Egiofor junto a un inicio potente logran sacaâ€¦ https://t.co/9QN9xMGBAd"
70,"@angelmartin_nc Desde paramount, Ã³rbita Laika (que programÃ³n en tus temporadas), wifileaks, dar cera, y chocita delâ€¦ https://t.co/k9NwDtMyTZ"
71,"Dos Supersuperesbirros, a las 13:01, en Paramount Channel. https://t.co/jDipHSd1uA #PelisDelDÃ­a https://t.co/t0XynMSO3X"
72,"RT @faustianovich: Del ring del pressing catch al estrellato del cine de acciÃ³n, en el caso del majete John Cena (la molona PERSECUCIÃ“N EXTâ€¦"
73,RT @faustianovich: Por mÃ¡s agentes secretos con barriga cervecera y modales de macarra de Harlem como el Ice Cube de xXx 2: ESTADO DE EMERGâ€¦
74,"ContratÃ© paramount directamente con ellos, a travÃ©s de prime nunca sirve bien"
75,"RT @De10mx: #TarjetaDe10 ğŸ¥ğŸ˜®ğŸ¤¯ ""Psicosis"" es considerada una obra maestra del cine... Â¿SabÃ­as que fue rechazada por Paramount Pictures? ğŸ‘‡ httâ€¦"
76,"Pagando Netflix, Disney+, Prime Video, HBO max y Youtube premium y resulta que lo que quiero ver estÃ¡ en Paramount ğŸ˜‘"
77,"RT @elespectador: Llega un thriller polÃ­tico-social basado en la anulaciÃ³n de la doctrina Parot por el tribunal de Estrasburgos en 2013, quâ€¦"
78,"Y ya que hablo de HBO,ocurre algo curioso ğŸ¤­
AquÃ­ en casa tenemos bastantes aplicaciones asÃ­,Netflix,prime,directtv,â€¦ https://t.co/wVPWm8IO5z"
79,@RCachanosky Jajaja! Olivos CoproducciÃ³n  Paramount y asociados.
80,"ğŸ Desde MÃ©xico con amor
ğŸ¬ Jimmy Nickerson
ğŸ“º Paramount Network
ğŸ—“ 21/ago. â° 02:15
ğŸ“½ Drama
â­ï¸ 5.40 https://t.co/SrVB0oqswx"
81,Â¿Por quÃ© nickelodeon estreno la peli de the loud house en netflix teniendo su propia plataforma como paramount + ?
82,"@ParamountPlusLA Paw Patrol La PelÃ­cula no estÃ¡ en Paramount+ MÃ©xico, pero si en USA, cuando estarÃ¡ disponible paraâ€¦ https://t.co/xSyIwWRklO"
83,"@Sr_Doctor_ ""Your honor"" en Paramount,
""The exorcist"" en prime.
""Game of thrones"" en HBO
""Monarca"" en netflix (Es mâ€¦ https://t.co/a38itI4yfu"
84,"Del ring del pressing catch al estrellato del cine de acciÃ³n, en el caso del majete John Cena (la molona PERSECUCIÃ“â€¦ https://t.co/6bN2kp1Zah"
85,Por mÃ¡s agentes secretos con barriga cervecera y modales de macarra de Harlem como el Ice Cube de xXx 2: ESTADO DEâ€¦ https://t.co/OgazqUtvmt
86,"Harald Zwart volviÃ³ a Europa tras su etapa hollywoodiense para recalar en Noruega y narrar, con un riguroso uso delâ€¦ https://t.co/5o5cCK9rxz"
87,#SkyShowtime: asÃ­ serÃ¡ el servicio de streaming de Paramount y Universal https://t.co/IXkJ3kN5Zx
88,"@SandyIsaac9 SÃ­, hace poco saco dos pelÃ­culas y solo una llego pero esta en Paramount :("
89,"RT @nessxbtsk: ""Es el momento de decir gracias a ti que estÃ¡s viendo este video, porque tÃº fuiste quien nos puso quizÃ¡s en el radar de Paraâ€¦"
90,"RT @ushbryan: ""es el momento de decir GRACIAS a ti que estÃ¡s viendo este video, porque tÃº fuiste quien nos puso quizÃ¡s en el radar de Paramâ€¦"
91,Que tu colega se fume una caja de paramount en menos de 2 horas tambiÃ©n es un red flag
92,obvio que si me suscribirÃ© al Paramount+ solo para ver el madame X concert en octubre
93,"RT @nessxbtsk: ""Es el momento de decir gracias a ti que estÃ¡s viendo este video, porque tÃº fuiste quien nos puso quizÃ¡s en el radar de Paraâ€¦"
94,"RT @ushbryan: ""es el momento de decir GRACIAS a ti que estÃ¡s viendo este video, porque tÃº fuiste quien nos puso quizÃ¡s en el radar de Paramâ€¦"
95,"RT @CarxRefi: Hilo de por quÃ© kally's mashup ES la mejor serie. (Y logros)

- fue tendencia en Netflix y paramount+
- es un Ã©xito en y fuerâ€¦"
96,"RT @shiningskabeche: Los de Paramount buscaron directamente a Bryan y Eddy para el doblaje de los personajes de Ruben y Butch, weeeeeeey, nâ€¦"
97,#Musica | Â¿Eres fan de #RicardoArjona? No te puedes perder su concierto #HechoALaAntigua desde #Paramout+ https://t.co/8RoMlaPoNN
98,Amigos vean Interrogation en Paramount. Joyita
99,"cada vez que veo algo de paramount o fox estoy tipo 
EVELYNCELIAAAAAA https://t.co/Klm4KFpi0D"
0,"Usuarios o interesados en compartir cuentas de Disney Plus.
RazÃ³n aqui:

ğŸ‘‡ğŸ‘‡ https://t.co/oFdwygbmNm"
1,@bellslouie yo la miro por disney plus pero creo que en cuevana tambiÃ©n esta
2,"RT @QuidVacuo_: Â¡OFICIAL! La recaudaciÃ³n total de 'BLACK WIDOW' sumando taquilla y Disney Plus es de mÃ¡s de 500 millones de dolares.

NÃºmerâ€¦"
3,"@HyundaiElectro Ayuda o Aclaracion
La situaciÃ³n es q  tengo un televisor led curvo de 49 pulgadas HYLED495INTC y noâ€¦ https://t.co/PAFxoMqLRd"
4,Quien tiene disney plus que me pase la cuenta? ğŸ¥º
5,"RT @ecartelera: En su batalla legal contra Scarlett Johansson, Disney ha desvelado cuÃ¡nto ha recaudado #ViudaNegra en Disney+ https://t.co/â€¦"
6,El articulo completo lo pueden encontrar aquÃ­ https://t.co/qOBMJOK1ih
7,"RT @mellamanrich: Tengo Netflix, Amazon prime y Disney plus y ajÃ¡ no se que ver alguien que me recomiende algo bueno"
8,odio este sentimiento de no tener disney plus para ver violetta
9,"RT @QuidVacuo_: Â¡OFICIAL! La recaudaciÃ³n total de 'BLACK WIDOW' sumando taquilla y Disney Plus es de mÃ¡s de 500 millones de dolares.

NÃºmerâ€¦"
10,"ğŸ‘ En su batalla legal contra Scarlett Johansson, Disney ha desvelado cuÃ¡nto ha recaudado 'Viuda Negra' en Disney+ -â€¦ https://t.co/NgoT7jquH4"
11,@drisraelluna @Tommy01882846 La comparaciÃ³n quÃ© haces claramente es injusta porque los fanaticos de Pixar marvel  sâ€¦ https://t.co/Gei4xymtQ3
12,Alguien me presta su Disney plus solo para maÃ±ana?
13,Disney+ confirma elenco y fecha de estreno del remake de â€˜Mi Pobre Angelitoâ€™ https://t.co/DN9RrV4sEs
14,Star Wars: Visions | TrÃ¡iler | Disney Plus https://t.co/agnHvzcEN4 vÃ­a @YouTube ğŸ¤¯ğŸ¤¯ğŸ¤¯ğŸ¤¯ğŸ¤¯
15,"@drisraelluna @Tommy01882846 Y mismo que nos ves en Disney plus mantenidos de suscriptores nuevos suscriptores, merâ€¦ https://t.co/KuW71I45Id"
16,"RT @QuidVacuo_: Â¡OFICIAL! La recaudaciÃ³n total de 'BLACK WIDOW' sumando taquilla y Disney Plus es de mÃ¡s de 500 millones de dolares.

NÃºmerâ€¦"
17,"RT @hobiseok03: DinÃ¡mica!! ğŸ’œ Test del ricoğŸ’œ

Tienes merch de bangtanâœ”ï¸
Tienes neflix o disney plus âœ”ï¸âœ”ï¸
Tienes membresÃ­a âœ”ï¸(compartida jajaâ€¦"
18,"RT @hobiseok03: DinÃ¡mica!! ğŸ’œ Test del ricoğŸ’œ

Tienes merch de bangtanâœ”ï¸
Tienes neflix o disney plus âœ”ï¸âœ”ï¸
Tienes membresÃ­a âœ”ï¸(compartida jajaâ€¦"
19,"RT @hobiseok03: DinÃ¡mica!! ğŸ’œ Test del ricoğŸ’œ

Tienes merch de bangtanâœ”ï¸
Tienes neflix o disney plus âœ”ï¸âœ”ï¸
Tienes membresÃ­a âœ”ï¸(compartida jajaâ€¦"
20,"Un nuevo rumor asegura que #CharlieCox aparecerÃ¡ en la serie de #Echo en disney plus,  esta tendrÃ¡ su primera apariâ€¦ https://t.co/R2GoK6AeRz"
21,"RT @hobiseok03: DinÃ¡mica!! ğŸ’œ Test del ricoğŸ’œ

Tienes merch de bangtanâœ”ï¸
Tienes neflix o disney plus âœ”ï¸âœ”ï¸
Tienes membresÃ­a âœ”ï¸(compartida jajaâ€¦"
22,"RT @hobiseok03: DinÃ¡mica!! ğŸ’œ Test del ricoğŸ’œ

Tienes merch de bangtanâœ”ï¸
Tienes neflix o disney plus âœ”ï¸âœ”ï¸
Tienes membresÃ­a âœ”ï¸(compartida jajaâ€¦"
23,"RT @QuidVacuo_: Â¡OFICIAL! La recaudaciÃ³n total de 'BLACK WIDOW' sumando taquilla y Disney Plus es de mÃ¡s de 500 millones de dolares.

NÃºmerâ€¦"
24,"RT @hobiseok03: DinÃ¡mica!! ğŸ’œ Test del ricoğŸ’œ

Tienes merch de bangtanâœ”ï¸
Tienes neflix o disney plus âœ”ï¸âœ”ï¸
Tienes membresÃ­a âœ”ï¸(compartida jajaâ€¦"
25,"RT @hobiseok03: DinÃ¡mica!! ğŸ’œ Test del ricoğŸ’œ

Tienes merch de bangtanâœ”ï¸
Tienes neflix o disney plus âœ”ï¸âœ”ï¸
Tienes membresÃ­a âœ”ï¸(compartida jajaâ€¦"
26,"RT @Cinemascomics: Â¿Quieres descubrir quiÃ©n es el elegido para escribir la serie de Marvel studios, Armor Wars para Disney Plus? La elecciÃ³â€¦"
27,"RT @ecartelera: En su batalla legal contra Scarlett Johansson, Disney ha desvelado cuÃ¡nto ha recaudado #ViudaNegra en Disney+ https://t.co/â€¦"
28,Subieron la fuente del amor a disney plus es el mejor dÃ­a de mk vida
29,"RT @DeMemoria: ğŸ“ºğŸ˜± SÃ¡bado de pelÃ­culas VHS...

Vieja guardia, confirmen si asÃ­ era nuestro Disney Plus. #RecuerdodelDÃ­a https://t.co/AacTuALâ€¦"
30,RT @MarvelLatin: En la mociÃ³n presentada por los abogados de Disney se dio una actualizaciÃ³n sobre cuanto generÃ³ BLACK WIDOW en Disney Plusâ€¦
31,"RT @hobiseok03: DinÃ¡mica!! ğŸ’œ Test del ricoğŸ’œ

Tienes merch de bangtanâœ”ï¸
Tienes neflix o disney plus âœ”ï¸âœ”ï¸
Tienes membresÃ­a âœ”ï¸(compartida jajaâ€¦"
32,"RT @hobiseok03: DinÃ¡mica!! ğŸ’œ Test del ricoğŸ’œ

Tienes merch de bangtanâœ”ï¸
Tienes neflix o disney plus âœ”ï¸âœ”ï¸
Tienes membresÃ­a âœ”ï¸(compartida jajaâ€¦"
33,"RT @hobiseok03: DinÃ¡mica!! ğŸ’œ Test del ricoğŸ’œ

Tienes merch de bangtanâœ”ï¸
Tienes neflix o disney plus âœ”ï¸âœ”ï¸
Tienes membresÃ­a âœ”ï¸(compartida jajaâ€¦"
34,"RT @QuidVacuo_: Â¡OFICIAL! La recaudaciÃ³n total de 'BLACK WIDOW' sumando taquilla y Disney Plus es de mÃ¡s de 500 millones de dolares.

NÃºmerâ€¦"
35,Â¿EstÃ¡s listo para disfrutar de #Eternals de #Marvel? Disfruta del trailer y conoce los detalles de su lanzamiento eâ€¦ https://t.co/1nSBufJZIb
36,"DinÃ¡mica!! ğŸ’œ Test del ricoğŸ’œ

Tienes merch de bangtanâœ”ï¸
Tienes neflix o disney plus âœ”ï¸âœ”ï¸
Tienes membresÃ­a âœ”ï¸(compartâ€¦ https://t.co/cE11QCqBdR"
37,"Estos son los precios de Star+, el nuevo servicio de streaming de Disney, para Ecuador https://t.co/plsBoSI5Q6"
38,RT @MarvelLatin: En la mociÃ³n presentada por los abogados de Disney se dio una actualizaciÃ³n sobre cuanto generÃ³ BLACK WIDOW en Disney Plusâ€¦
39,"RT @DeMemoria: ğŸ“ºğŸ˜± SÃ¡bado de pelÃ­culas VHS...

Vieja guardia, confirmen si asÃ­ era nuestro Disney Plus. #RecuerdodelDÃ­a https://t.co/AacTuALâ€¦"
40,'Pride': Disney plus estrena la serie documental sobre los derechos LGBT https://t.co/5mgg1Zsjoc
41,"RT @QuidVacuo_: Â¡OFICIAL! La recaudaciÃ³n total de 'BLACK WIDOW' sumando taquilla y Disney Plus es de mÃ¡s de 500 millones de dolares.

NÃºmerâ€¦"
42,"RT @QuidVacuo_: Â¡OFICIAL! La recaudaciÃ³n total de 'BLACK WIDOW' sumando taquilla y Disney Plus es de mÃ¡s de 500 millones de dolares.

NÃºmerâ€¦"
43,"RT @QuidVacuo_: Â¡OFICIAL! La recaudaciÃ³n total de 'BLACK WIDOW' sumando taquilla y Disney Plus es de mÃ¡s de 500 millones de dolares.

NÃºmerâ€¦"
44,TodavÃ­a estoy enfadada porque la casa bÃºho no estÃ© disponible en Disney plus EspaÃ±a &gt;:( https://t.co/5RXKMQrMrl
45,"RT @ecartelera: En su batalla legal contra Scarlett Johansson, Disney ha desvelado cuÃ¡nto ha recaudado #ViudaNegra en Disney+ https://t.co/â€¦"
46,"En su batalla legal contra Scarlett Johansson, Disney ha desvelado cuÃ¡nto ha recaudado 'Viuda Negra' en Disney+â€¦ https://t.co/uHIPUYfMr5"
47,"Me parece un planazo pasar todo el dÃ­a mirando Disney plus..
Podemos hacer maratÃ³n de pixar  y Marvel pensalo .."
48,"RT @DeMemoria: ğŸ“ºğŸ˜± SÃ¡bado de pelÃ­culas VHS...

Vieja guardia, confirmen si asÃ­ era nuestro Disney Plus. #RecuerdodelDÃ­a https://t.co/AacTuALâ€¦"
49,"RT @QuidVacuo_: Â¡OFICIAL! La recaudaciÃ³n total de 'BLACK WIDOW' sumando taquilla y Disney Plus es de mÃ¡s de 500 millones de dolares.

NÃºmerâ€¦"
50,"RT @ImagenRetro: Es hoy... Â¡ES HOY! Ya se encuentran disponibles todos los episodios de ""Dinosaurios"" en Disney Plus. https://t.co/g8GYDq3dâ€¦"
51,RT @QuidVacuo_: La recaudaciÃ³n oficial de 'BLACK WIDOW' en Disney Plus es de 125 millones de dÃ³lares. https://t.co/wv5UsaxppE
52,Desde q no tengo Disney plus mi vida es muy triste ğŸ˜
53,"RT @Cinemascomics: Â¿Quieres descubrir quiÃ©n es el elegido para escribir la serie de Marvel studios, Armor Wars para Disney Plus? La elecciÃ³â€¦"
54,"RT @DeMemoria: ğŸ“ºğŸ˜± SÃ¡bado de pelÃ­culas VHS...

Vieja guardia, confirmen si asÃ­ era nuestro Disney Plus. #RecuerdodelDÃ­a https://t.co/AacTuALâ€¦"
55,"RT @QuidVacuo_: Â¡OFICIAL! La recaudaciÃ³n total de 'BLACK WIDOW' sumando taquilla y Disney Plus es de mÃ¡s de 500 millones de dolares.

NÃºmerâ€¦"
56,"RT @QuidVacuo_: Â¡OFICIAL! La recaudaciÃ³n total de 'BLACK WIDOW' sumando taquilla y Disney Plus es de mÃ¡s de 500 millones de dolares.

NÃºmerâ€¦"
57,RT @MarvelLatin: En la mociÃ³n presentada por los abogados de Disney se dio una actualizaciÃ³n sobre cuanto generÃ³ BLACK WIDOW en Disney Plusâ€¦
58,"RT @DeMemoria: ğŸ“ºğŸ˜± SÃ¡bado de pelÃ­culas VHS...

Vieja guardia, confirmen si asÃ­ era nuestro Disney Plus. #RecuerdodelDÃ­a https://t.co/AacTuALâ€¦"
59,RT @MarvelLatin: En la mociÃ³n presentada por los abogados de Disney se dio una actualizaciÃ³n sobre cuanto generÃ³ BLACK WIDOW en Disney Plusâ€¦
60,"Â¿Quieres descubrir quiÃ©n es el elegido para escribir la serie de Marvel studios, Armor Wars para Disney Plus? La elâ€¦ https://t.co/G7YymDsa2a"
61,RT @MarvelLatin: En la mociÃ³n presentada por los abogados de Disney se dio una actualizaciÃ³n sobre cuanto generÃ³ BLACK WIDOW en Disney Plusâ€¦
62,"RT @QuidVacuo_: Â¡OFICIAL! La recaudaciÃ³n total de 'BLACK WIDOW' sumando taquilla y Disney Plus es de mÃ¡s de 500 millones de dolares.

NÃºmerâ€¦"
63,"RT @DeMemoria: ğŸ“ºğŸ˜± SÃ¡bado de pelÃ­culas VHS...

Vieja guardia, confirmen si asÃ­ era nuestro Disney Plus. #RecuerdodelDÃ­a https://t.co/AacTuALâ€¦"
64,En la mociÃ³n presentada por los abogados de Disney se dio una actualizaciÃ³n sobre cuanto generÃ³ BLACK WIDOW en Disnâ€¦ https://t.co/CsReGRBaMu
65,"RT @ecartelera: En su batalla legal contra Scarlett Johansson, Disney ha desvelado cuÃ¡nto ha recaudado #ViudaNegra en Disney+ https://t.co/â€¦"
66,@vidal2567 Â¡Hola! ğŸ¤— Estamos trabajando para incluir Disney+ en nuestro servicio ğŸ“º. En cuanto lo tengamos te lo hareâ€¦ https://t.co/Pv1tbHJbV0
67,"En su batalla legal contra Scarlett Johansson, Disney ha desvelado cuÃ¡nto ha recaudado #ViudaNegra en Disney+â€¦ https://t.co/VXlPQnM0Bd"
68,"@Michelgg_e Jo, genial entonces, ya podrÃ­a tomar nota disney plus espaÃ±a porque âœ¨estoy cansada de pagar y que no tengan ninguna serieâœ¨"
69,"RT @DeMemoria: ğŸ“ºğŸ˜± SÃ¡bado de pelÃ­culas VHS...

Vieja guardia, confirmen si asÃ­ era nuestro Disney Plus. #RecuerdodelDÃ­a https://t.co/AacTuALâ€¦"
70,Ya estÃ¡n todas las temporadas de Dinosaurios en Disney plus https://t.co/eju0fSh0qV
71,"RT @QuidVacuo_: Â¡OFICIAL! La recaudaciÃ³n total de 'BLACK WIDOW' sumando taquilla y Disney Plus es de mÃ¡s de 500 millones de dolares.

NÃºmerâ€¦"
72,"RT @QuidVacuo_: Â¡OFICIAL! La recaudaciÃ³n total de 'BLACK WIDOW' sumando taquilla y Disney Plus es de mÃ¡s de 500 millones de dolares.

NÃºmerâ€¦"
73,"RT @QuidVacuo_: Â¡OFICIAL! La recaudaciÃ³n total de 'BLACK WIDOW' sumando taquilla y Disney Plus es de mÃ¡s de 500 millones de dolares.

NÃºmerâ€¦"
74,"RT @QuidVacuo_: Â¡OFICIAL! La recaudaciÃ³n total de 'BLACK WIDOW' sumando taquilla y Disney Plus es de mÃ¡s de 500 millones de dolares.

NÃºmerâ€¦"
75,"RT @PreviouslyFilmx: #BlackWidow

âš ï¸ATENCIÃ“Nâš ï¸

SegÃºn el Ãºltimo informe de @THR, la pelÃ­cula individual de #ViudaNegra ha logrado unos 500â€¦"
76,"RT @DeMemoria: ğŸ“ºğŸ˜± SÃ¡bado de pelÃ­culas VHS...

Vieja guardia, confirmen si asÃ­ era nuestro Disney Plus. #RecuerdodelDÃ­a https://t.co/AacTuALâ€¦"
77,tengo disney plus y ni lo ocupo
78,"RT @Emialbara: Quieres ver lo quieras y cuando quieras!!!
Te tenemos pantallas de:
Amazon Prime 1,5$ c/u
Disney Plus 2$ c/u
Netflix 3,5$ c/â€¦"
79,RT @QuidVacuo_: La recaudaciÃ³n oficial de 'BLACK WIDOW' en Disney Plus es de 125 millones de dÃ³lares. https://t.co/wv5UsaxppE
80,"RT @QuidVacuo_: Â¡OFICIAL! La recaudaciÃ³n total de 'BLACK WIDOW' sumando taquilla y Disney Plus es de mÃ¡s de 500 millones de dolares.

NÃºmerâ€¦"
81,"@Lunnk_art Oye, pues me apunto el enlace ğŸ‘€ Pero por suerte en el Disney Plus de UK la tienen en espaÃ±ol y todo, asÃ­ que ğŸ™ŒğŸ™Œ"
82,"RT @PreviouslyFilmx: #BlackWidow

âš ï¸ATENCIÃ“Nâš ï¸

SegÃºn el Ãºltimo informe de @THR, la pelÃ­cula individual de #ViudaNegra ha logrado unos 500â€¦"
83,"RT @QuidVacuo_: Â¡OFICIAL! La recaudaciÃ³n total de 'BLACK WIDOW' sumando taquilla y Disney Plus es de mÃ¡s de 500 millones de dolares.

NÃºmerâ€¦"
84,"@redsadwhore Tintito, Disney Plus y palomitas"
85,"RT @QuidVacuo_: Â¡OFICIAL! La recaudaciÃ³n total de 'BLACK WIDOW' sumando taquilla y Disney Plus es de mÃ¡s de 500 millones de dolares.

NÃºmerâ€¦"
86,"RT @martamarvar: Busco 5 personas para compartir disney plus de un aÃ±o, solo 15â‚¬/aÃ±o 

Se agradece difusiÃ³n"
87,"RT @QuidVacuo_: Â¡OFICIAL! La recaudaciÃ³n total de 'BLACK WIDOW' sumando taquilla y Disney Plus es de mÃ¡s de 500 millones de dolares.

NÃºmerâ€¦"
88,"RT @DeMemoria: ğŸ“ºğŸ˜± SÃ¡bado de pelÃ­culas VHS...

Vieja guardia, confirmen si asÃ­ era nuestro Disney Plus. #RecuerdodelDÃ­a https://t.co/AacTuALâ€¦"
89,"@blazikerm Disney se cargÃ³ la saga principal y la Ãºltima etapa de cÃ³mics, los directores y escritores han salvado tâ€¦ https://t.co/4H9pjkxyiH"
90,RT @QuidVacuo_: La recaudaciÃ³n oficial de 'BLACK WIDOW' en Disney Plus es de 125 millones de dÃ³lares. https://t.co/wv5UsaxppE
91,"RT @supergeekcl: Un mejor vistazo a Mark Hamill en esa escena de ""The Mandalorian"" ğŸ™Œ #TheMandalorian #LukeSkywalker #MarkHamill https://t.câ€¦"
92,"RT @QuidVacuo_: Â¡OFICIAL! La recaudaciÃ³n total de 'BLACK WIDOW' sumando taquilla y Disney Plus es de mÃ¡s de 500 millones de dolares.

NÃºmerâ€¦"
93,RT @QuidVacuo_: La recaudaciÃ³n oficial de 'BLACK WIDOW' en Disney Plus es de 125 millones de dÃ³lares. https://t.co/wv5UsaxppE
94,Muchos Episodios y nuevas historias nos esperan en esta nueva serie animada que llega este 22 de Septiembre solo poâ€¦ https://t.co/IztNK82S0k
95,Star Wars: Visions Analizamos la Nueva Serie Anime de Star Wars que estrena el 22 de Septiembre en Disney Plus conâ€¦ https://t.co/IKZEJTRz6D
96,RT @QuidVacuo_: La recaudaciÃ³n oficial de 'BLACK WIDOW' en Disney Plus es de 125 millones de dÃ³lares. https://t.co/wv5UsaxppE
97,"RT @QuidVacuo_: Â¡OFICIAL! La recaudaciÃ³n total de 'BLACK WIDOW' sumando taquilla y Disney Plus es de mÃ¡s de 500 millones de dolares.

NÃºmerâ€¦"
98,"RT @QuidVacuo_: Â¡OFICIAL! La recaudaciÃ³n total de 'BLACK WIDOW' sumando taquilla y Disney Plus es de mÃ¡s de 500 millones de dolares.

NÃºmerâ€¦"
99,"RT @PedroCab93: El Clon es una Mini Serie a lado de la Telenovela de Tw ""El Novio VillarriqueÃ±o"". 
PrÃ³ximamente en Netflix y Disney Plus, pâ€¦"
0,"La serie de Fallout para Amazon Prime Video serÃ¡ â€œuna aventura loca, divertida, y alucinanteâ€ segÃºn Lisa Joyâ€¦ https://t.co/hVR8JYZKRp"
1,"Andan hablando de Primes, osea yo el Ãºnico que reconozco y es el mejor para mÃ­, se llama Amazon Prime Video, tieneâ€¦ https://t.co/c3v3sGv8oS"
2,"Amazon Prime Video, ud. es diabÃ³lico xD https://t.co/8LdUsA1nIk"
3,"Netflix, Amazon Prime Video y HBO apuestan por los podcasts, que atraen suscriptores para los mediosâ€¦ https://t.co/inS9nln9lw"
4,"RT @iCOLET91: se cumple un aÃ±o de chemical hearts, una pelÃ­cula que deja enseÃ±anzas y ademÃ¡s de eso es una pelÃ­cula que le dejo demostrar aâ€¦"
5,Amazon Prime Video estrena sus tops de lo mÃ¡s visto: asÃ­ puedes curiosear en los Ã©xitos de la plataformaâ€¦ https://t.co/qUoPLDzUxK
6,"RT @pipevicioso: Aviso! estas tres series abandonan Amazon Prime Video este mes de agosto: Malcolm in the Middle, Buffy y el 31 de agosto sâ€¦"
7,"RT @seriesymas_ee: #LoMÃ¡sLeÃ­do CrÃ­tica: 'Nine Perfect Strangers' no es la nueva 'Big Little Lies', ni quiere serlo, es mucho mÃ¡s entretenidâ€¦"
8,"RT @pipevicioso: Aviso! estas tres series abandonan Amazon Prime Video este mes de agosto: Malcolm in the Middle, Buffy y el 31 de agosto sâ€¦"
9,"RT @teleaudiencias: Amazon Prime VÃ­deo estrenarÃ¡ el 16 de septiembre la 2Âª temporada de la serie 'El juego de las llaves'. Maite Perroni, Hâ€¦"
10,"RT @LaOpinionLA: Lanzan el trÃ¡iler de â€œEl Juego de las Llavesâ€, la ardiente serie de Pantaya https://t.co/SSR875Lyx8"
11,"@KatiaHiguera Se llama juego perverso, estÃ¡ en el Amazon prime video ğŸ™ˆğŸ™ˆ"
12,"RT @petschartnews: Hoy hace un aÃ±o el 21 de Agosto del 2020 se estreno Chemical Hearts donde Lili Reinhart interpreto a Grace Town, ahi fueâ€¦"
13,"#LoMÃ¡sLeÃ­do CrÃ­tica: 'Nine Perfect Strangers' no es la nueva 'Big Little Lies', ni quiere serlo, es mucho mÃ¡s entreâ€¦ https://t.co/SpJ2uUsfcP"
14,"Hoy hace un aÃ±o el 21 de Agosto del 2020 se estreno Chemical Hearts donde Lili Reinhart interpreto a Grace Town, ahâ€¦ https://t.co/eh5XawkvcP"
15,RT @VallejitoPro8: Mirando #Infectados en Amazon Prime Video https://t.co/GNIfQX6rpG
16,Amazon Prime VÃ­deo estrenarÃ¡ el 15 de octubre la serie 'Se lo que hicisteis sobre el Ãºltimo verano'. Protagonizadaâ€¦ https://t.co/h73d25qqf2
17,"RT @iCOLET91: se cumple un aÃ±o de chemical hearts, una pelÃ­cula que deja enseÃ±anzas y ademÃ¡s de eso es una pelÃ­cula que le dejo demostrar aâ€¦"
18,@NestorConTilde Dijo que estaba a punto de cerrar algo. Creo que Prime video tiene los derechos en Francia. Ã‰l es eâ€¦ https://t.co/khFGG3HeFr
19,"Primeras imÃ¡genes de la adaptaciÃ³n live-action de #TheWheelOfTime, nueva serie fantÃ¡stica basada en las novelas deâ€¦ https://t.co/pfEUtHCARW"
20,"@vivirsinalergia Esta en YouTube, en pluto TV y Amazon prime video"
21,Mirando #Infectados en Amazon Prime Video https://t.co/GNIfQX6rpG
22,Amazon Prime Video estrena su â€˜top 10â€™ nacional y la opciÃ³n de personalizar los perfiles de usuario https://t.co/vV4iOqRBQ6
23,"RT @CesarmanSevilla: No olvidÃ©is suscribiros si tenÃ©is Amazon prime y os gusta nuestro contenido, es sÃºper sencillo y podÃ©is participar enâ€¦"
24,Amazon prime video es la peor plataforma de pelÃ­culas y series que he visto en mi vida osea yo ya estoy pagando cadâ€¦ https://t.co/YQQMTTBQgV
25,Watch Cinderella | Prime Video mira mi amor soy yo honey baby  https://t.co/Ny1fJJhlbb
26,Amazon Prime Video estrena su â€˜top 10â€™ nacional y la opciÃ³n de personalizar los perfiles de usuario https://t.co/N2hxvR3CUK
27,"RT @iCOLET91: se cumple un aÃ±o de chemical hearts, una pelÃ­cula que deja enseÃ±anzas y ademÃ¡s de eso es una pelÃ­cula que le dejo demostrar aâ€¦"
28,"RT @iCOLET91: se cumple un aÃ±o de chemical hearts, una pelÃ­cula que deja enseÃ±anzas y ademÃ¡s de eso es una pelÃ­cula que le dejo demostrar aâ€¦"
29,"RT @iCOLET91: se cumple un aÃ±o de chemical hearts, una pelÃ­cula que deja enseÃ±anzas y ademÃ¡s de eso es una pelÃ­cula que le dejo demostrar aâ€¦"
30,"RT @iCOLET91: se cumple un aÃ±o de chemical hearts, una pelÃ­cula que deja enseÃ±anzas y ademÃ¡s de eso es una pelÃ­cula que le dejo demostrar aâ€¦"
31,"RT @iCOLET91: se cumple un aÃ±o de chemical hearts, una pelÃ­cula que deja enseÃ±anzas y ademÃ¡s de eso es una pelÃ­cula que le dejo demostrar aâ€¦"
32,"se cumple un aÃ±o de chemical hearts, una pelÃ­cula que deja enseÃ±anzas y ademÃ¡s de eso es una pelÃ­cula que le dejo dâ€¦ https://t.co/K5xR7mGvVm"
33,La pelÃ­cula que te llevarÃ¡ a la reflexiÃ³n: #DiegoLuna llega a #Netflix despuÃ©s de su Ã©xito en Amazon Prime Video yâ€¦ https://t.co/PA7N3ZsK1y
34,"RT @asdrubal1963: #ColombiağŸ‡¨ğŸ‡´
#CineCalidad
#Entretenimiento
#NetflixLAT
#SensaCine
11 04 2021
Â¡Â¡Â¡La alegrÃ­a es contagiosa, compÃ¡rtela!!!
Toâ€¦"
35,#Tecnologia Amazon Prime Video se sube al carro de los tops de lo mÃ¡s visto con sus propias listas de Ã©xitos.â€¦ https://t.co/IUqVhSazih
36,Amazon Prime Video anuncia el rodaje de la segunda temporada de la serie de â€˜El SeÃ±or de los Anillosâ€™ https://t.co/OKitHD37TE
37,"#Tecnologia AquÃ­ estÃ¡ nuestra guÃ­a de agosto de 2021 para Netflix, Disney + Hotstar y Amazon Prime Video:â€¦ https://t.co/B0WguwqnfT"
38,"RT @CesarmanSevilla: No olvidÃ©is suscribiros si tenÃ©is Amazon prime y os gusta nuestro contenido, es sÃºper sencillo y podÃ©is participar enâ€¦"
39,"RT @RMadridistaTV: No olvidÃ©is suscribiros si tenÃ©is Amazon prime y os gusta nuestro contenido, es sÃºper sencillo y podÃ©is participar en toâ€¦"
40,"No olvidÃ©is suscribiros si tenÃ©is Amazon prime y os gusta nuestro contenido, es sÃºper sencillo y podÃ©is participarâ€¦ https://t.co/jaFy9Vcste"
41,"RT @CesarmanSevilla: No olvidÃ©is suscribiros si tenÃ©is Amazon prime y os gusta nuestro contenido, es sÃºper sencillo y podÃ©is participar enâ€¦"
42,"No olvidÃ©is suscribiros si tenÃ©is Amazon prime y os gusta nuestro contenido, es sÃºper sencillo y podÃ©is participarâ€¦ https://t.co/t6LXAiOrmV"
43,#CINEğŸ¬: 'La abuela' de Paco Plaza se estrenarÃ¡ en cines el 22 de octubre. EstÃ¡ protagonizada por la debutante Almudâ€¦ https://t.co/n7DofwAkT3
44,VALINOR APARECERÃ EN EL PRIMER EPISODIO DE LA SERIE EL SEÃ‘OR DE LOS ANILLOS LA SERIE EL SEÃ‘OR DE LOS ANILLOS SE ESTâ€¦ https://t.co/QjWT6oj7z4
45,"ClÃ¡sicas, comedias, de terrorâ€¦ Las mejores pelÃ­culas de Amazon Prime Video para ver este fin de semana https://t.co/ZBCngZFTNm"
46,"BAJADA DE PRECIO  #Amazon #Publicidad

Xiaomi Smart TV P1 32 Pulgadas (Frameless, HD, Triple Sintonizador, Androidâ€¦ https://t.co/nJblX8ijYf"
47,RT @PrimeVideoLat: Vicky y sus 3 mamÃ¡s vuelven. Toda la temporada en Amazon Prime Video
48,"#LoMÃ¡sLeÃ­do #CrÃ­tica |  'Nine Perfect Strangers' no es la nueva 'Big Little Lies', ni quiere serlo, es mucho mÃ¡s enâ€¦ https://t.co/ok7M2GxKa0"
49,"@MezaRolando Hola, @MezaRolando. Desde hoy mismo puedes disfrutar de las mejores series y pelÃ­culas ğŸ¬. Descarga laâ€¦ https://t.co/3jbC1KFLgt"
50,"Lanzan el trÃ¡iler de â€œEl Juego de las Llavesâ€, la ardiente serie de Pantaya https://t.co/SSR875Lyx8"
51,"@LuzOlier @canaltcm Amazon Prime Video, Filmin y si estÃ¡ en el catÃ¡logo de Turner por Movistar creo que tambiÃ©n"
52,"RT @Dr___Mario: Cuando alguien se queje de nuestro algoritmo de recomendacion, les dirÃ© que a mÃ­ Amazon Prime Video me sugiere La Hora de Jâ€¦"
53,"RT @seriesymas_ee: ğŸ“½ï¸  #Recomendaciones | 4 pelÃ­culas recomendadas para ver el fin de semana en Netflix, Amazon Prime Video, Movistar+ y Fiâ€¦"
54,"#NicoleKidman vuelve a unirse a la directora de ""Big Little Lies"" para protagonizar ""Nine Perfect Strangers"" enâ€¦ https://t.co/Y1wUnWCg96"
55,"RT @teleaudiencias: Amazon Prime VÃ­deo estrenarÃ¡ el 16 de septiembre la 2Âª temporada de la serie 'El juego de las llaves'. Maite Perroni, Hâ€¦"
56,"'El Pueblo' anuncia los 6 nuevos fichajes para su 3Âª temporada. RaÃºl PeÃ±a, Ana Arias, Laura GÃ³mez-Lacueva, Richardâ€¦ https://t.co/Vco1D640i9"
57,"RT @tamayadas_1977: @Imeco27 Hola buenas tardes, le recomiendo que vea en Amazon Prime video ""santos y soldados"""
58,"RT @tamayadas_1977: @Imeco27 Hola buenas tardes, le recomiendo que vea en Amazon Prime video ""santos y soldados"""
59,EL SEÃ‘OR DE LOS ANILLOS LA SERIE DE AMAZON PRIME VIDEO SE ESTRENA EL DÃA 2 DE SEPTIEMBRE DE 2022.â€¦ https://t.co/Le23CLzDw2
60,Amazon Prime VÃ­deo estrenarÃ¡ el 16 de septiembre la 2Âª temporada de la serie 'El juego de las llaves'. Maite Perronâ€¦ https://t.co/ia2SZXTTjN
61,@DanielMalibu_ He visto toda la tetralogÃ­a en Amazon Prime Video ğŸ˜Š
62,"ğŸ“½ï¸ 4 pelÃ­culas recomendadas para ver el fin de semana en Netflix, Amazon Prime Video, Movistar+ y Filmin, vÃ­aâ€¦ https://t.co/T8km43XYWp"
63,"RT @horrorlosers: El 1 de octubre regresa WELCOME TO THE BLUMHOUSE, la antologÃ­a de pelÃ­culas de terror de Amazon Prime Video, con cuatro nâ€¦"
64,RT @ViniloBlog: Lo primero que vamos conociendo de la serie desarrollada por #AmazonPrimeVideo sobre la exitosa obra de J.R.R. Tolkien: #Thâ€¦
65,"RT @Aullidos: Amazon Prime Video ha estrenado 'La Casa de Caracol' (y trÃ¡iler oficial).
https://t.co/yUcKrmuf2F"
66,"RT @Arrieta_007: ""Hacemos peliculas, Hacemos peliculas para el cine. Es lo que hacemos"" 
-Barbara Broccoli
@CasaSnorky @Archivo_007 @BondEnâ€¦"
67,"RT @topsprime: Descubre Xiaomi Smart TV P1 55 Pulgadas (Frameless, UHD, Triple Tuner, Android 10.0, Prime Video,Netflix,google assistant, Câ€¦"
68,"ğŸ“½ï¸  #Recomendaciones | 4 pelÃ­culas recomendadas para ver el fin de semana en Netflix, Amazon Prime Video, Movistar+â€¦ https://t.co/pZkDSejFE6"
69,"4 pelÃ­culas recomendadas para ver el fin de semana en Netflix, Amazon Prime Video, Movistar+ y Filmin https://t.co/Y6TwLtrE8d"
70,"RT @LIndi74035023: ğŸ’¥ğŸ’¥ Brutal Serie UTOPIA en Amazon Prime Video. Totalmente disruptiva.

Nos lo cuentan TODO a la cara...

2 brutales ejempâ€¦"
71,"RT @Arrieta_007: ""Hacemos peliculas, Hacemos peliculas para el cine. Es lo que hacemos"" 
-Barbara Broccoli
@CasaSnorky @Archivo_007 @BondEnâ€¦"
72,"Amazon Prime Video ha estrenado 'La Casa de Caracol' (y trÃ¡iler oficial).
https://t.co/yUcKrmuf2F"
73,Amazon Prime Video estrena sus tops de lo mÃ¡s visto: asÃ­ puedes curiosear en los Ã©xitos de la plataforma  https://t.co/xwjSNF4PBZ
74,"RT @LUIS8171073011: Amazon Prime Video ha estrenado ""La Casa de Caracol""
El tÃ­tulo dirigido por Macarena Astorga y con un reparto encabezadâ€¦"
75,"Amazon Prime Video ha estrenado ""La Casa de Caracol""
El tÃ­tulo dirigido por Macarena Astorga y con un reparto encabâ€¦ https://t.co/8ComeCdz3N"
76,#TecnologÃ­a Amazon Prime Video estrena sus tops de lo mÃ¡s visto: asÃ­ puedes curiosear en los Ã©xitos de la plataformâ€¦ https://t.co/G7sheFmwed
77,Amazon Prime Video estrena sus tops de lo mÃ¡s visto: asÃ­ puedes curiosear en los Ã©xitos de la plataforma https://t.co/xbUw4jnVjz
78,"RT MeriStation: QuÃ© pelÃ­culas y series de estreno ver este fin de semana del 20 al 22 de agosto en Netflix, Amazonâ€¦ https://t.co/0wLLuhsE4p"
79,"RT @LIndi74035023: ğŸ’¥ğŸ’¥ Brutal Serie UTOPIA en Amazon Prime Video. Totalmente disruptiva.

Nos lo cuentan TODO a la cara...

2 brutales ejempâ€¦"
80,"ğŸ”— https://t.co/8PdKgCPuN5
ğŸ’µN/Aâ‚¬
ğŸ›’Xiaomi Smart TV P1 55 Pulgadas (Frameless, UHD, Triple Tuner, Android 10.0, Primeâ€¦ https://t.co/0zMswKD0zy"
81,"@MaritoMilenio3 Yo ğŸ™‹â€â™‚ï¸ igual yo en Netflix sigo mirando #evangelion , una obra maestra del animeâ€¦ que llegÃ³ a su bâ€¦ https://t.co/z4h490KB0M"
82,Amazon Prime Video estrena sus tops de lo mÃ¡s visto: asÃ­ puedes curiosear en los Ã©xitos de la plataforma  https://t.co/OEzMh05qBs
83,Amazon Prime Video estrena su top 10: estas son las series y pelÃ­culas mÃ¡s vistas de la plataformaâ€¦ https://t.co/BTF3I6QQ70
84,Amazon Prime Video estrena sus tops de lo mÃ¡s visto: asÃ­ puedes curiosear en los Ã©xitos de la plataforma  https://t.co/ja1whpvuyU
85,Amazon Prime Video estrena sus tops de lo mÃ¡s visto: asÃ­ puedes curiosear en los Ã©xitos de la plataforma  https://t.co/mXTwlp4qWt
86,"New post: ""Amazon Prime Video estrena sus tops de lo mÃ¡s visto: asÃ­ puedes curiosear en los Ã©xitos de la plataformaâ€¦ https://t.co/ZtqFPB1Qqp"
87,"'Nine Perfect Strangers', la nueva serie thriller de Nicole Kidman que arrasarÃ¡ en Prime Video este finde https://t.co/c4c0Pjp7uk"
88,Amazon Prime Video estrena sus tops de lo mÃ¡s visto: asÃ­ puedes curiosear en los Ã©xitos de la plataforma  https://t.co/pyWuA1PRdj
89,RT @ANMTVLA: El tiempo contigo ya esta disponible en Amazon Prime Video https://t.co/u0Iw5BBZHZ
90,"Estas son las ofertas del dÃ­a: https://t.co/SB9lH71hie
Y recuerda disfrutar de Prime Video aquÃ­â€¦ https://t.co/eZtA0x94yq"
91,"RT @LectorManga: Luego de 8 aÃ±os de espera, por fin hoy se estreno en Amazon Prime Video, Evangelion: 3.0+1.01 Thrice Upon a Time.

Bye-byeâ€¦"
92,"RT @OtrosCines: Hoy ANNETTE, de Leos Carax, se estrenÃ³ en cines de EspaÃ±a y estÃ¡ disponible en Amazon Prime Video en varios paÃ­ses (aquÃ­ llâ€¦"
93,RT @teleaudiencias: Ya disponible en Amazon Prime VÃ­deo la serie 'Nine perfect Strangers'. Consta de 8 episodios y estÃ¡ protagonizada porÂ Nâ€¦
94,"RT @hobby_consolas: Amazon Prime Video presenta las primeras imÃ¡genes de la segunda tanda de pelÃ­culas de Welcome to the Blumhouse, que lleâ€¦"
95,Ya disponible en Amazon Prime VÃ­deo la serie 'Nine perfect Strangers'. Consta de 8 episodios y estÃ¡ protagonizada pâ€¦ https://t.co/TUXfNb2h4P
96,@berlich EstÃ¡ completa en Amazon Prime Video.  Voy por la sÃ©ptima temporada.
97,"QuÃ© pelÃ­culas y series de estreno ver este fin de semana del 20 al 22 de agosto en Netflix, Amazon Prime Video. Movâ€¦ https://t.co/KPei5mNymn"
98,RT @SELENAT0RSARMY: Sony estÃ¡ en conversaciones con Amazon Prime Video para la distribuciÃ³n de â€˜Hotel Transylvania 4â€™ en la plataforma porâ€¦
99,"RT @thecliniccl: Una serie para gobernarlos a todos: Revelan fecha de estreno y la primera imagen de la adaptaciÃ³n de ""El SeÃ±or de los Anilâ€¦"
0,ALV ALV ESTO NO ES UN SIMULACRO PUSIERON KND LOS CHICOS DEL BARRIO EN HBO MAX
1,En quÃ© momento la pusieron en HBO Max https://t.co/QLnLgXoPuk
2,"@Vickonicks9 Â¡Hola @Vickonicks9!, yo puedo ayudarte, en #Infinitum podemos instalarte de inmediato. AdemÃ¡s si traesâ€¦ https://t.co/W4I3oTVmhb"
3,Jurnee Smollett protagonizarÃ¡ una pelÃ­cula spin-off de Birds of Prey para HBO Max https://t.co/SDaNMpz0zK
4,RT @emanuelhenriq_e: migalhas de hbo Max por favor https://t.co/ycBF7kKf32
5,Estoy tentada a pagar HBO Max solo para ver KND los Chicos del Barrio ğŸ¤©ğŸ¤©
6,"@gaya_trid Â¡Hola @gaya_trid!, yo puedo ayudarte, en #Infinitum podemos instalarte de inmediato. AdemÃ¡s si traes tuâ€¦ https://t.co/mmJ57S7T6o"
7,"RT @GeekRoomArg: ğŸš¨LO QUE SE VIENE DE DCğŸš¨

HBO Max estÃ¡ preparando proyectos de personajes de DC para expandir el universo de personajes.

Tâ€¦"
8,Los servidores de #streaming siguen aÃ±adiendo contenido original a sus catÃ¡logos. Esto es lo mÃ¡s sonado del momentoâ€¦ https://t.co/92vmk9WQzJ
9,KND: los chicos del barrio ya estÃ¡ en HBO Max ğŸ˜ https://t.co/oLZMC6HZd8
10,"En resumen, si no tengo un servicio de cable o internet con @SomosAlticeDo y active la suscripciÃ³n con ellos pues nâ€¦ https://t.co/UDfaobbSho"
11,"@gine_2403 Â¡Hola, Ginella! Buen dÃ­a
Queremos asegurarnos de que tu experiencia con HBO Max sea la mejor. Por favor,â€¦ https://t.co/hxiMPiEYL4"
12,KND: Los Chicos del Barrio ya estÃ¡ disponible en HBO Max. https://t.co/jvK3hWW5Tf
13,"El dÃ­a de ayer llame dos veces para informar y me pidieron que esperara hasta hoy. El servicio HBO MAX no funciona,â€¦ https://t.co/Lwzrd3EZDb"
14,GENTEEEE pusieron los chicos del barrio en hbo max https://t.co/AZwBbvISTx
15,"@DanielGdu Â¡Hola @DanielGdu!, yo puedo ayudarte, en #Infinitum podemos instalarte de inmediato. AdemÃ¡s si traes tuâ€¦ https://t.co/wF2rWzUOOo"
16,"RT @HBOMaxLA: El gran dÃ­a estÃ¡ llegando. DÃ©jame un like ğŸ’œ en este tuit y te avisarÃ© cuando ""Space Jam - Una Nueva Era"" se estrene en HBO Maâ€¦"
17,"RT @HBOMaxLA: El gran dÃ­a estÃ¡ llegando. DÃ©jame un like ğŸ’œ en este tuit y te avisarÃ© cuando ""Space Jam - Una Nueva Era"" se estrene en HBO Maâ€¦"
18,"@paco_pks @miguelm_1704 @izzi_mx Â¡Hola @paco_pks!, yo puedo ayudarte, en #Infinitum podemos instalarte de inmediatoâ€¦ https://t.co/7PfOQNxxMs"
19,"@axxl11 @TotalplayAyuda Â¡Hola @axxl11!, yo puedo ayudarte, en #Infinitum podemos instalarte de inmediato. AdemÃ¡s siâ€¦ https://t.co/cXok2Nivnv"
20,Â¡Catwoman tendrÃ¡ su pelÃ­cula tipo anime en HBO Max! - Fuera de Foco https://t.co/gHmoh6DRXF
21,"Afuera hay un huracÃ¡n y en HBO Max los Chicos del Barrio.

La verÃ© solo porque soy bÃ¡rbaro. https://t.co/cUYMplQZuF"
22,AAA hbo max de mierda quiero ver sex and the city
23,"RT @GeekRoomArg: ğŸš¨LO QUE SE VIENE DE DCğŸš¨

HBO Max estÃ¡ preparando proyectos de personajes de DC para expandir el universo de personajes.

Tâ€¦"
24,"@HyundaiElectro Ayuda o Aclaracion
La situaciÃ³n es q  tengo un televisor led curvo de 49 pulgadas HYLED495INTC y noâ€¦ https://t.co/PAFxoMqLRd"
25,"pero ando viendo barry en hbo max solo porque me gusta bill hader, igual estÃ¡ buena jajaja"
26,"Uno de los mÃ¡s tristes, mordaces y duros Bruce que nos regalÃ³ el cine.

En HBO Max todavÃ­a  estÃ¡ 

y vengan de a unâ€¦ https://t.co/twcdoKfviP"
27,"@MonOrArr @izzi_mx @ayudaizzi Â¡Hola @MonOrArr!, yo puedo ayudarte, en #Infinitum podemos instalarte de inmediato. Aâ€¦ https://t.co/BRpwPaaXH2"
28,"KND:LOS CHICOS DE BARRIO YA SE ENCUENTRA EN HBO MAX.
JODER QUE HERMOSO https://t.co/2Eoy7X4Onf"
29,"RT @PreviouslyFilmx: #CharlieHunnamGreenArrow

ğŸ”µNOVEDADğŸ”µ

Tras el anuncio del desarrollo de #BlackCanary, las redes ARDEN EN DESEOS de verâ€¦"
30,"https://t.co/enCtEYnOMs

Utilidade pÃºblica"
31,"Prime, Netflix, HBO max (ese me saliÃ³ grapa) y termine viendo Logan en Cuevana ğŸ¤¡"
32,"Maldita sea, tengo que pagar HBO max a precio regular ahora jaja odio aki ğŸ˜‚"
33,"Cambio cta Amazon por cta HBO Max

AlgÃºn interesado o interesada?
#ConsultaCiudadana2021"
34,Jurnee Smollett protagonizarÃ¡ una pelÃ­cula spin-off de Birds of Prey para HBO Max  https://t.co/de287nvtZm
35,"@emilioam_ok Â¡Hola, Emilio! Buenas tardes

Te pedimos que nos envÃ­es un mensaje directo donde nos proporciones la iâ€¦ https://t.co/a25lyXwcBn"
36,"RT @RedLegacyVol2: Â¡Tendremos pelÃ­cula de #BlackCanary para HBO Max!

Jurnee Smollett ('Birds Of Prey') retomarÃ¡ su papel como Dinah Lanceâ€¦"
37,"Afuera hay un huracÃ¡n y en HBO Max los Chicos del Barrio.

La verÃ© solo porque soy bÃ¡rbaro. https://t.co/JbXaw0Wi9r"
38,'Black Canary': HBO Max pone en marcha un spin-off del personaje de 'Aves de presa' https://t.co/JhL7oi0vgp â¡ @blogdecine â¡ #blog
39,@Silverspaceread @habitaciondcine @MiguelPixcar1 No es la pelÃ­cula mas vista de hbo max por que hbo max no a revelaâ€¦ https://t.co/aMK4ZJIb63
40,"RT @DCEUMX: Cines:
The Batman
Black Adam
The Flash
Aquaman 2
Shazam

HBO Max:
Peacemaker
Batgirl
Blue Bleete
Black Canary
Justice League Daâ€¦"
41,"RT @GeekRoomArg: ğŸš¨LO QUE SE VIENE DE DCğŸš¨

HBO Max estÃ¡ preparando proyectos de personajes de DC para expandir el universo de personajes.

Tâ€¦"
42,Acabo de ver que en HBO MaxğŸ’œ estÃ¡ La vaca y el pollito jajaja me perdieron xq hoy harÃ© maratÃ³n ğŸ„ğŸ“
43,"RT @ElGeekdeAcero: Mientras que los fans de la comedia de Gunn se sienten felices por sus 4 millones de vistas en HBO Max, #ArmyOfTheDead tâ€¦"
44,"RT @HBOMaxLA: Invitamos a Manu Ginobili al Tune Squad, Â¿aceptarÃ¡ unirse? Â¡Space Jam: Una nueva era ya estÃ¡ disponible en HBO Max!"
45,"@SandeeJade Si la buscas en HBO Max no aparece, yo accedo a travÃ©s de la plataforma DIRECTV GO y ahÃ­ a travÃ©s de HBâ€¦ https://t.co/VnVLO6MMWL"
46,"Alguien vende planes de HBO Max? Quiero ver looking for Alaska, pero no quiero pagar 30 solesğŸ˜©ğŸ˜©ğŸ˜©"
47,"@Fredo25971803 Buenas tardes, Fredo
Â¿Como estÃ¡s?

Estamos para servirte, queremos que tengas la mejor experiencia eâ€¦ https://t.co/w6D2CJQrTW"
48,Lois y Clark ya estÃ¡ en HBO Max pero solo la 4 temporada
49,La promociÃ³n e Telmex y HBO mÃ¡x solo funciona para celulares pero no para televisiones aunque tengan el roku. Si loâ€¦ https://t.co/4el7ZW9mIL
50,RT @mouse_cl: Jurnee Smollett confirmÃ³ que volverÃ¡ a interpretar a Black Canary en una nueva pelÃ­cula para HBO Max https://t.co/Mf0Lhwqxbdâ€¦
51,HBO Max consegue a proeza de ser o pior app de todos os streamings https://t.co/NIuOo1R7Mf
52,Si tienen HBO Max y tiempo al pedo mirense The Flight Attendant
53,@habitaciondcine TSS sin duda esta siendo un Ã©xito en HBO max
54,HBO max queroooo generation segunda temporada
55,"ğŸ’ªÂ¡Confirmado el spin off de #BirdOfPray!
ğŸ¬Esta pelÃ­cula tendrÃ¡ otro protagonista que no serÃ¡ Harley Quinn
ğŸ¿Â¡Entra aâ€¦ https://t.co/JxArZuxo36"
56,@HBOMaxLA Si tienes HBO Max y no sabes que mirar tengo muchas recomendaciones para ti en mi instagram https://t.co/qTNeOE4YI0
57,"Agregaron ""Los chicos del barrio"" a HBO max. De por si HBO ya me tenÃ­a como cliente, ahora mÃ¡s."
58,"Gracias TÃ­o HBO MAX ğŸŸ£ @hbomaxla
Ahora si puedo decir infancia recordada  ğŸ‘¦ğŸ»
Los clÃ¡sicos, los 90s y 00s animados ğŸ“ºâ€¦ https://t.co/VyW9jrHiWW"
59,"los chicos del barrio ya estan estÃ¡n hbo max, Â¿yo? felizzzzzzz"
60,"En HBO Max pusieron PROMARE, lo nuevo de Trigger que llega a este hemisferio. Sin duda este estudio bota mis cosasâ€¦ https://t.co/ngqksOMMNe"
61,"@elenamayela @ayudaizzi Â¡Hola @elenamayela!, yo puedo ayudarte, en #Infinitum podemos instalarte de inmediato. Ademâ€¦ https://t.co/PIuGhjf4p0"
62,"Ya estÃ¡ vaca y pollito en HBO max jajaja, pa no verlas , las tienes disponibles pero no las ves xD"
63,RT @littlenoist: HBO Max se estÃ¡ apoderando de DC. https://t.co/yDO227p3LR
64,@andreacompton EstÃ¡ en Hbo max!!
65,@m3deiros08 @sabridelus Genera+ion da HBO Max
66,"@RenteriaNolasco In the Name of the Father, nunca la habÃ­a visto y pues qm a Daniel Day-Lewis.

Mysterious Skin, deâ€¦ https://t.co/fGwxPNnvh3"
67,hbo max te amo
68,"RT @PreviouslyFilmx: #CharlieHunnamGreenArrow

ğŸ”µNOVEDADğŸ”µ

Tras el anuncio del desarrollo de #BlackCanary, las redes ARDEN EN DESEOS de verâ€¦"
69,Ya llegaron los chicos del barrio a HBO Max. https://t.co/RjSRxQ1C7W
70,"@NathPatrak @izzi_mx @ayudaizzi @Profeco Â¡Hola @NathPatrak!, yo puedo ayudarte, en #Infinitum podemos instalarte deâ€¦ https://t.co/7fQzcX41sq"
71,"RT @drisraelluna: IronÃ­asâ€¦ en cuanto #FreeGuy termine su recorrido en cines, pasarÃ¡ a HBO Max https://t.co/JIoIB3IQwr"
72,RT @HBOMaxLA: FATALITY ğŸ’¥ğŸ¥¶ Uno de los mayores combates del aÃ±o ya estÃ¡ disponible solo en HBO Max
73,"@YaazielS @Arrowverso El prÃ³ximo aÃ±o se estrenan una nueva pelÃ­cula de Batman, Aquaman 2 y The Flash, ademÃ¡s estÃ¡ eâ€¦ https://t.co/2z7bmnG6M2"
74,"RT @teleprograma_tv: El actor @Xolo_Mariduena, Miguel en #CobraKai es el elegido para interpretar a #BlueBeetle en la nueva pelÃ­cula de laâ€¦"
75,queria ter hbo max
76,"En la mesa de saldos de HBO Max estÃ¡ MoscÃº en New York, una Made in Argentina sobre escaparse de la KGB con Robin Wâ€¦ https://t.co/98Q2Sl5cPQ"
77,"RT @GeekRoomArg: ğŸš¨LO QUE SE VIENE DE DCğŸš¨

HBO Max estÃ¡ preparando proyectos de personajes de DC para expandir el universo de personajes.

Tâ€¦"
78,@drisraelluna @Tommy01882846 AdemÃ¡s siemto@que tienes un gran sesgo Netflix los primeros aÃ±os tenia mil pÃ©rdidas loâ€¦ https://t.co/046OHdBNLz
79,"@malag Â¡Hola @malag!, yo puedo ayudarte, en #Infinitum podemos instalarte de inmediato. AdemÃ¡s si traes tu nÃºmero nâ€¦ https://t.co/BQC65ATW2U"
80,"RT @GeekRoomArg: ğŸš¨LO QUE SE VIENE DE DCğŸš¨

HBO Max estÃ¡ preparando proyectos de personajes de DC para expandir el universo de personajes.

Tâ€¦"
81,Awwww ğŸ˜ ğŸ˜ğŸ˜ğŸ™„ğŸ™„ ya me dieron ganas de tener HBO Max .. https://t.co/tyIx3ENNSx
82,"RT @HBOMaxLA: Â¡Equipo, llegÃ³ la hora! Ya estÃ¡ disponible en HBO Max â€œSpace Jam: Una Nueva Eraâ€"
83,@DavidPrestige @HBOMaxLA HBO Max va con todo a convertirse en mi favorito.
84,Jurnee Smollett confirmÃ³ que volverÃ¡ a interpretar a Black Canary en una nueva pelÃ­cula para HBO Maxâ€¦ https://t.co/BCipzjpRti
85,RT @littlenoist: HBO Max se estÃ¡ apoderando de DC. https://t.co/yDO227p3LR
86,"RT @DCEUMX: Cines:
The Batman
Black Adam
The Flash
Aquaman 2
Shazam

HBO Max:
Peacemaker
Batgirl
Blue Bleete
Black Canary
Justice League Daâ€¦"
87,RT @ArtefatoPop: NOVAS ESTREIAS DO HBO MAX https://t.co/XjWO9Fkcds
88,"RT @ContraGodarria: Joyas todas.

Bendito HBO Max. Para que se las vean. https://t.co/wb7ibubu2g"
89,"LOS CHICOS DEL BARRIO ESTAN EN HBO MAX, REPITO, LOS CHICOS DEL BARRIO!!!!!!!!!!!!!!!!! https://t.co/TGgsKNfnTD"
90,RT @littlenoist: HBO Max se estÃ¡ apoderando de DC. https://t.co/yDO227p3LR
91,"@Isazkun @malag Â¡Hola @Isazkun!, yo puedo ayudarte, en #Infinitum podemos instalarte de inmediato. AdemÃ¡s si traesâ€¦ https://t.co/A2A7tamBFe"
92,RT @HBOMaxLA: Cualquiera que tenga un amigo lo tiene todo. SuscrÃ­bete a HBO Max y haz maratÃ³n de cada temporada y la reuniÃ³n de Friends ğŸ’œ
93,RT @elhyp3podcast: Warner Bros. estÃ¡ desarrollando un spinoff de Birds of Prey para HBO Max que estarÃ¡ centrado en Black Canary. Jurnee Smoâ€¦
94,Ya se encuentra disponible en la plataforma de @HBOMaxLA una nueva historia con nuestros personajes animados favoriâ€¦ https://t.co/tQyRKOQXyj
95,RT @ArtefatoPop: NOVAS ESTREIAS DO HBO MAX https://t.co/XjWO9Fkcds
96,RT @ArtefatoPop: NOVAS ESTREIAS DO HBO MAX https://t.co/XjWO9Fkcds
97,"Los Chicos del Barrio ya estÃ¡ en HBO Max, esto sÃ­ es vida. ğŸ˜ğŸ”¥"
98,"La plataforma HBO Max estÃ¡ preparando una cinta derivada de ""Birds of Prey"" (2020) que serÃ¡ protagonizada porâ€¦ https://t.co/8HC62LiU8S"
99,@drisraelluna @Tommy01882846 Porque entonces artÃ­culos importantes como variety habla de pÃ©rdidas de millonarias de HBO Max ??
0,"Once millones de espaÃ±oles... una cifra muy considerable: y a pesar de todas las presiones imaginables, la aficiÃ³nâ€¦ https://t.co/2oZ3LcJoeR"
1,RT @JoacoUpdates: Vamos a realizar las metas personales de 400 votos porfavor Ãºnanse  por esos 12M terminemos bien las votaciones es el Ãºltâ€¦
2,"miguel gutiÃ©rrez to start, who says no? ğŸ˜» https://t.co/5ghsS7CMqg"
3,"RT @JBAlliance: ğŸ“¢ MINI MASIVA PARA LOS 12M.

Meta 2: 1k en 5 min. 

#KCAMexico #JoaquinBondoni #KarolSevilla #BiaUnMundoAlReves #JulioPeÃ±aâ€¦"
4,"RT @JoacoUpdates: ğŸ“¢|Spacers, Ãºltimas 24 hrs de estÃ¡s votaciones, estos hts estaremos usando estÃ¡s Ãºltimas horas, asÃ­ que atentos âœ¨

#KCAMexâ€¦"
5,@fatilyEverafter START HOJAYEN PLEASE
6,AquÃ­ aparece tu nombre de usuario :v y la regiÃ³n despuÃ©s de darle en start te aparece una opciÃ³n y aquÃ­ en mÃ³vil puâ€¦ https://t.co/Qq2ERcTUfd
7,"So may we start, coÃ±o ...? https://t.co/zrvgInREEW"
8,"RT @Alf_ArGzz: #coronavirus  REGRESO A CLASES A LO BESTIA

Mississippi es uno de los estados que se rehÃºsan a poner medidas obligatorias coâ€¦"
9,"RT @JBAlliance: ğŸ“¢ MINI MASIVA PARA LOS 12M.

Meta: 1k en 5 minutos.

#KCAMexico #JoaquinBondoni #KarolSevilla #BiaUnMundoAlReves #JulioPeÃ±aâ€¦"
10,Sigue todos los acontecimientos en AfganistÃ¡n en el mejor hilo en espaÃ±ol al respecto: https://t.co/OuMx93plEK https://t.co/vvMBiZNsR2
11,@nydiacervera @CasLaaU @Gllgina1Gina @DaliaMRocha @AvilMac @Froggieland @akyoshi09 @mtz_tt @PipianMx @duky1107â€¦ https://t.co/IMYkGhUj0b
12,CÃ³mo iniciar un negocio de camisetas @CrazyStartups https://t.co/dNo3doyANR
13,â€˜Press Startâ€™: un documental para desenterrar la historia del videojuego espaÃ±ol https://t.co/zvUbvZjSvx
14,"RT @Dinogress: AYÃšDEMOS :).

#KCAMexico #JoaquinBondoni  #Morat #YoloAventuras #Yoloriana #AventurerosSquad #BiaUnMundoAlReves #JulioPeÃ±a #â€¦"
15,"RT @jdjuanje: A las 19:00 teneis la redifusiÃ³n de la entrevista con Diego de @ikigaiplay sobre el documental PRESS START
https://t.co/heTZNâ€¦"
16,"RT @macagvotes: ğŸ”” | MINI MASIVAS:

Meta: 1K

Tiempo: Â¡El menor posible!

Siguiente masiva en: @EquipoFbi 

Â #MacarenaGarcia #BiaUnMundoAlReâ€¦"
17,@basejokitugas sini start 10k no copas copas
18,"RT @readyandplay: Press Start: El documental de la historia de los videojuegos en EspaÃ±a. Opinion mÃ¡s entrevista de @jdjuanje
https://t.co/â€¦"
19,"RT @AECIDHaiti: ReuniÃ³n de coordinaciÃ³n entre la @EmbEspHaiti, el DG de la @DINEPA y el Ministro del #MICT para preparar la recepciÃ³n del aâ€¦"
20,"@start_over1 @altice_do Hola @start_over1! Lamentamos los inconvenientes. Por favor, brÃ­ndanos mÃ¡s detalles sobre lâ€¦ https://t.co/dRg76JfM2S"
21,"RT @MariaMjaleman: Ready to start the weekend with more @CPSolvers schemas in spanish? â¤ï¸ğŸ”¥

Gracias a los voluntarios de esta semana que reâ€¦"
22,"RT @WCostituzione: @cris_cersei Stessa data, ""malore""
2021: 14 pagine
2020: 3 pagine (https://t.co/1HAQNpLatg)
2019: 5 pagine (https://t.coâ€¦"
23,"RT @divulgandobia: ğŸ”” | MINI MASIVAS:

Meta: 1K

Tiempo: Â¡El menor posible!

Siguiente masiva en: @elotasmasiveras

#KCAMexico #BiaUnMundoAlâ€¦"
24,"RT @15JPROJECTS: ğŸ“£ | MINI MASIVAS

Meta: 1K
Tiempo: Â¡El menor posible!

Siguiente masiva en: @divulgandobia

#KCAMexico #JulioPeÃ±a #AuronPlâ€¦"
25,"Evangelio de Hoy sÃ¡bado 21 de agosto de 2021 

https://t.co/RGqullbdh3 https://t.co/yg3boOGwRU"
26,RT @lasvoceslatam: Les compartimos la Nota que se difundiÃ³ en @rcnradio de #Colombia donde nuestra #Cantora @NiyiretAlarcon ğŸ¤ğŸ‡¨ğŸ‡´ presentÃ³ elâ€¦
27,"RT @auronvotos: ğŸ”” | PRIMERA RONDA MINI MASIVAS

Meta: 1K
Tiempo: Â¡El menor posible!

Siguiente masiva en: @15JPROJECTS

#KCAMexicoÂ #AuronPlâ€¦"
28,@Danytrixx Los quÃ© peor les va a ir a show TV y Start creo.
29,@Start_grees @greessmar Amaneci que eso es lo que cuenta no ?
30,@Felix01BS No se si reÃ­rme o ofender me ya que tambiÃ©n soy fan de fnf pero press start no lo cambio por nada
31,"RT @centralbiaig: ğŸ”” | PRIMERA RONDA MINI MASIVAS

Meta: 1K
Tiempo: Â¡El menor posible!

Siguiente masiva en: @auronvotos

#KCAMexicoÂ #JulioPâ€¦"
32,"RT @santibanezdani: Felicitaciones por este nuevo challenge @fluxny @luisloaiza! Vamos, @jeloulatam! 
https://t.co/oIlNpRg8Hx"
33,@JackSparrowLite aaj hi start kia ep 4 pe
34,"RT @JoacoUpdates: ğŸ“¢| Spacers 

Los que no se unieron a los hilos personales de este momento porfavor Ãºnanse a las minis masivas que se estaâ€¦"
35,"2021/08/21 16:52 
[REGALANDO  PASES ELITE DE FREE]
Estoy transmitiendo Free Fire en NimoTV, puedes verme en vivo en: https://t.co/x7ZvsKJ7P0"
36,Continuo con el sufrimiento que es start up?
37,@nydiacervera @CasLaaU @Gllgina1Gina @DaliaMRocha @AvilMac @Froggieland @akyoshi09 @mtz_tt @PipianMx @duky1107â€¦ https://t.co/ecxF5gulja
38,"RT @mm_vivaldi: Tiene muy buena pinta el avance de esta serie sobre la historia del videojuego en EspaÃ±a.
TenÃ©is mÃ¡s info en su Kickstarterâ€¦"
39,"2021/08/21 16:35 
[REGALANDO  PASES ELITE DE FREE]
Estoy transmitiendo Free Fire en NimoTV, puedes verme en vivo en: https://t.co/x7ZvsKJ7P0"
40,@tfalex1892 Desperate start. Desperate manager. Desperate owner. Desperate club
41,@nydiacervera @CasLaaU @Gllgina1Gina @DaliaMRocha @Froggieland @akyoshi09 @mtz_tt @PipianMx @duky1107 @lasaguisâ€¦ https://t.co/ZZtXfVGnXB
42,"Circulares CREG
Circular041-2021
REUNIÃ“N ACLARATORIA DE LAS CIRCULARES CREG 037 Y 039 DE 2021. ...
https://t.co/KhU8qM2r2F"
43,"Circulares CREG
Circular033-2021
INFORME DEL AUDITOR SOBRE LA SUBASTA DE PRODUCTOS FIRMES BIMESTRALES DE MAYO...
https://t.co/KhU8qM2r2F"
44,"Circulares CREG
Circular029-2021
PRESENTACIÃ“N DEL PROYECTO DE RESOLUCIÃ“N CREG 037 DE 2021, QUE CONTIENE LA METODOLOâ€¦ https://t.co/nJadZDU3tC"
45,"Circulares CREG
Circular028-2021
InformaciÃ³n sobre el cÃ¡lculo del Patrimonio Transaccional con los formatos de repoâ€¦ https://t.co/hm2FCuf7lY"
46,"Circulares CREG
Circular027-2021
InformaciÃ³n sobre suspensiÃ³n provisional del aparte que indica â€œlos porcentajes quâ€¦ https://t.co/kYEoxJZ99P"
47,"RT @JoacoUpdates: Comienza la dinÃ¡mica, recuerden que pueden usar todas sus cuentas y que es importante cumplir con las metas, tienen hastaâ€¦"
48,"Ya vi ANNETTE. 

Me parece esencial ver el documental de @edgarwright sobre SPARKS antes de verla. 

(So may we start? ğŸ¶)"
49,@ExplicaCristian quien chucha es game start
50,"Resoluciones CREG
CREG058-2021
GAS NATURAL - ComercializaciÃ³n - Cargos de comercializaciÃ³n GN conformado por las veâ€¦ https://t.co/jGDx0iWHej"
51,"Resoluciones CREG
CREG057-2021
GAS NATURAL - DistribuciÃ³n - Cargos de distribuciÃ³n GN conformado por las veredas Coâ€¦ https://t.co/3ZUI4cx1ts"
52,"RT @WCostituzione: @cris_cersei Stessa data, ""malore""
2021: 14 pagine
2020: 3 pagine (https://t.co/1HAQNpLatg)
2019: 5 pagine (https://t.coâ€¦"
53,"Por eso hablamos de tauromaquia, de combate de toros; lo otro es algo muy parecido al circo. Muy parecido.â€¦ https://t.co/D9CiZxr14Z"
54,"RT @JoacoUpdates: Dentro de 10 min comenzamos otra dinÃ¡mica de metas personales tienen que hacer de 300 votos, se necesitan mÃ¡s de 50 persoâ€¦"
55,"2021/08/21 16:13 
[REGALANDO  PASES ELITE DE FREE]
Estoy transmitiendo Free Fire en NimoTV, puedes verme en vivo en: https://t.co/x7ZvsKJ7P0"
56,@WatfordFC @Stake Start Sierralta
57,"RT @AECIDHaiti: ReuniÃ³n de coordinaciÃ³n entre la @EmbEspHaiti, el DG de la @DINEPA y el Ministro del #MICT para preparar la recepciÃ³n del aâ€¦"
58,"RT @marcelomena: https://t.co/0IvvqlHMRi BaterÃ­as de aire y hierro podrÃ­an almacenar energÃ­a por dÃ­as, o semanas. Si funciona acelerarÃ¡ unaâ€¦"
59,"RT @RyanGarciaYST: Randy Vasquez in A+
1.75 ERA
1.49 FIP
2.16 xFIP
31.3% K-BB%
6 IP per start

Jesus christğŸ’€"
60,"Randy Vasquez in A+
1.75 ERA
1.49 FIP
2.16 xFIP
31.3% K-BB%
6 IP per start

Jesus christğŸ’€"
61,"RT @yallsuckas: START HOGAYA MERA ROHNA
 #SidNaazRocksDD3"
62,"ReuniÃ³n de coordinaciÃ³n entre la @EmbEspHaiti, el DG de la @DINEPA y el Ministro del #MICT para preparar la recepciâ€¦ https://t.co/o7fYnmt1rg"
63,"q pinche coraje..... ni pq ayer decidÃ­ q iba a quedarme dormida hasta tarde pa descansar pude descansar, sigo igualâ€¦ https://t.co/10ZGu13MhI"
64,"RT @yallsuckas: START HOGAYA MERA ROHNA
 #SidNaazRocksDD3"
65,RT @eduardoguette: start-home estÃ¡ quedando es bello . #JavaScriptDeveloper #javascript #css #html https://t.co/VdWOj0JqUf
66,start-home estÃ¡ quedando es bello . #JavaScriptDeveloper #javascript #css #html https://t.co/VdWOj0JqUf
67,"RT @MariaMjaleman: Ready to start the weekend with more @CPSolvers schemas in spanish? â¤ï¸ğŸ”¥

Gracias a los voluntarios de esta semana que reâ€¦"
68,"RT @MariaMjaleman: Ready to start the weekend with more @CPSolvers schemas in spanish? â¤ï¸ğŸ”¥

Gracias a los voluntarios de esta semana que reâ€¦"
69,RT @Uriel66689314: Feliz viernes! @nydiacervera @Marilu86053 @addy_pink @antymob @mtz_tt @DaliaMRocha @EYACAR65 @Apoyo_Croqueton @EsEstra @â€¦
70,jajan qr deco ğŸ§¡ kak! start 4-7k aja udah free recolor loh ğŸ¥³  https://t.co/ZkbnWlyY7K
71,START! - April 29 2021 (1:59 PM) https://t.co/1t2yuVaH9Y
72,@Teja_Parimii @Gudapati_ @11_sai_ @alapati3636 Start ayithe chesaruga
73,FinanciaciÃ³n de start ups: Las notas convertibles https://t.co/N2wxlGnVNp por: @AGMabogados @LawAndTrends
74,Mental start panniduchu https://t.co/j3XK6AuVqk
75,@WatfordFC @premierleague @Stake Start cucho
76,"RT @MyTXTLatam_: ğŸ°: Feliz cumpleaÃ±os a ti, feliz cumpleaÃ±os a nuestros MOA~
ğŸ¦Š: Feliz cumpleaÃ±os, cariÃ±o
ğŸ»: Feliz cumpleaÃ±os, los amoâ¤ï¸
ğŸ¿: Fâ€¦"
77,RT @Uriel66689314: Feliz viernes! @nydiacervera @Marilu86053 @addy_pink @antymob @mtz_tt @DaliaMRocha @EYACAR65 @Apoyo_Croqueton @EsEstra @â€¦
78,@jorgelepra1913 @LeoCsir1913 PÃ¡gate el asado jorgeee start
79,"#LaVuelta21 | -5 Km: Con un poco de viento de costado, el INEOS tambiÃ©n trabaja en el embalaje con el Israel Startâ€¦ https://t.co/pDhlQlpgw6"
80,@espesfc Como se llama este arte de animaciones de dibujos de los start streaming?
81,"RT @Yeonjunkogii: La verdad que alto evento el de MOA FESTIVAL, sumense MOA! Es muy fÃ¡cil registrarse y participar. Empieza 9AM KST, dejo lâ€¦"
82,@balaji_sivagami Oh TV la poda start pantangala? ğŸ¤¯
83,"RT @Haimovich_AR: PonÃ© en marcha tus ideas participando de Toyota Start. El concurso que premia a los emprendedores con $1.100.000 
Ver basâ€¦"
84,"Start Layun, bench Siqueira, cut Acuna https://t.co/YzWmlG7oHO"
85,"Start Talisca, bench Matias, cut Quintero https://t.co/rhoflmvFkX"
86,"RT @OscarJSerrano2: #SÃ¡badoMusical Esta semana @RollingStones anuncian ediciÃ³n especial de su obra de 1981, Tattoo You, un disco confeccionâ€¦"
87,RT @SalaStampaF1: Lo start caotico
88,Hola @greeslit y @greessmar como amanecieron ?
89,"RT @MariaMjaleman: Ready to start the weekend with more @CPSolvers schemas in spanish? â¤ï¸ğŸ”¥

Gracias a los voluntarios de esta semana que reâ€¦"
90,@KickTwood @tarak9999 Start chesava BajanağŸƒ
91,"RT @MariaMjaleman: Ready to start the weekend with more @CPSolvers schemas in spanish? â¤ï¸ğŸ”¥

Gracias a los voluntarios de esta semana que reâ€¦"
92,@marivirod11 Itâ€™s never too early to start drinkingâ€¦ by 11 or 12 you could KO ğŸ˜Œ sÃ­ganme para mÃ¡s consejos ğŸ˜‚
93,"RT @yallsuckas: START HOGAYA MERA ROHNA
 #SidNaazRocksDD3"
94,Pulsar 12000 Watt Portable Dual Fuel Propane/Gas Generator Electric Start G12KBN https://t.co/aaEBOySJXJ eBay https://t.co/VqIXvZeojX
95,@4kjoon Vamo ver start up comigo vida? https://t.co/U3SUQbydv6
96,"RT @yallsuckas: START HOGAYA MERA ROHNA
 #SidNaazRocksDD3"
97,RT @Ghaffar_1112: Start  Tweets Labaikianzâ¤ï¸  #Release_TLPAmeerSHR
98,Tengo listo el capÃ­tulo 23 ( o sea uno nuevo) de â€œTake me black to the startâ€ asÃ­ que ya casi se viene lo nuevo ğŸ¤­ğŸ’ªğŸ»âœ¨
99,"RT @yallsuckas: START HOGAYA MERA ROHNA
 #SidNaazRocksDD3"
0,"RT @Apple_Coding: Comenzamos directo con @OliverNabani y @alipalcaraz en Apple Coding.

â€œRobots, OnlyFans y otras cosasâ€

https://t.co/8ajzâ€¦"
1,"RT @wbistuer: WB Twitch 21/08/2021

https://t.co/fqb3qq9NPS

Puedes escucharlo en el canal (https://t.co/1r77WNg2kg) o en nuestras plataforâ€¦"
2,"WB Twitch 21/08/2021

https://t.co/fqb3qq9NPS

Puedes escucharlo en el canal (https://t.co/1r77WNg2kg) o en nuestraâ€¦ https://t.co/w98wMrKsAx"
3,"bendito apple tv+ siempre sabe lo que quiero ver, no como tÃº netflix que solo me ofreces series fomes"
4,"RT @M1NCATS: â€“apps de stream

Aprender a usar y hacer stream en genie, bugs, melOn, naver TV, apple music, Spotify, YouTube, Shazam etc. Siâ€¦"
5,"â€“apps de stream

Aprender a usar y hacer stream en genie, bugs, melOn, naver TV, apple music, Spotify, YouTube, Shaâ€¦ https://t.co/SmqDLC9QrO"
6,@aacalabria No creo. NecesitarÃ­as un Apple TV o chromecast.
7,"RT @PasionTricolor1: Â¡VIVÃ EL PARTIDO CON PASIÃ“N TRICOLOR ğŸ‡³ğŸ‡±!

ğŸ§ EscÃºchanos a travÃ©s de: 

ğŸ“ŒğŸ“» Radio ((1010AM))

ğŸ“ŒğŸ“± DescargÃ¡ gratis nuestraâ€¦"
8,Cazando dÃ¡livas https://t.co/qnDmyBLwsa #lahistoriadelisey @AppleTV https://t.co/09vLFQssyS
9,Acelerale #TedLasso que se me acaba la subscripciÃ³n al Apple TV
10,"@CosaNona @futurockOk Ups,  no se ni que es apple tv... hasta Netflix llego nomas... ğŸ¤¦â€â™€ï¸ğŸ¤¦â€â™€ï¸"
11,"RT @Apple_Coding: Comenzamos directo con @OliverNabani y @alipalcaraz en Apple Coding.

â€œRobots, OnlyFans y otras cosasâ€

https://t.co/8ajzâ€¦"
12,A ese cliente hay que darle un servicio Premium porque son los clientes de mayor VALOR. Eso ahora mismo no puede seâ€¦ https://t.co/mnO5EauP1R
13,"RT @SERDepValencia: ğŸ”´ Carrusel Deportivo Valenciano
SÃ¡bado 21, a las 18.30h
âš½ï¸  @GranadaCdeF - @valenciacf
EscÃºchanos en:
ğŸ“» SER+ Valencia 9â€¦"
14,"RT @Apple_Coding: Comenzamos directo con @OliverNabani y @alipalcaraz en Apple Coding.

â€œRobots, OnlyFans y otras cosasâ€

https://t.co/8ajzâ€¦"
15,"Comenzamos directo con @OliverNabani y @alipalcaraz en Apple Coding.

â€œRobots, OnlyFans y otras cosasâ€

https://t.co/8ajze33oNa"
16,Apple TV+ presenta el trÃ¡iler de Â«FundaciÃ³nÂ»: basada en la atemporal trilogÃ­a de Isaac Asimov https://t.co/F1fBBLnBfg
17,"RT @PasionTricolor1: Â¡VIVÃ EL PARTIDO CON PASIÃ“N TRICOLOR ğŸ‡³ğŸ‡±!

ğŸ§ EscÃºchanos a travÃ©s de: 

ğŸ“ŒğŸ“» Radio ((1010AM))

ğŸ“ŒğŸ“± DescargÃ¡ gratis nuestraâ€¦"
18,@lilacala Se estrena el 24 de septiembre en Apple TV+. Fijate que publicamos el trailer en la cuenta de @futurockOk
19,"RT @SERDepValencia: ğŸ”´ Comienza Carrusel Deportivo Valenciano
SÃ¡bado 21, a las 18.30h
âš½ï¸  @GranadaCdeF - @valenciacf
EscÃºchanos en:
ğŸ“» SER+ Vâ€¦"
20,"RT @SERDepValencia: ğŸ”´ Comienza Carrusel Deportivo Valenciano
SÃ¡bado 21, a las 18.30h
âš½ï¸  @GranadaCdeF - @valenciacf
EscÃºchanos en:
ğŸ“» SER+ Vâ€¦"
21,"Puedes ver tu transmisiÃ³n de AREMA Live en tu televisiÃ³n. En una SmartTV puedes abrir tu enlace directo, con cablesâ€¦ https://t.co/IV0ANMpgPo"
22,"ğŸ”´ Comienza Carrusel Deportivo Valenciano
SÃ¡bado 21, a las 18.30h
âš½ï¸  @GranadaCdeF - @valenciacf
EscÃºchanos en:
ğŸ“» SEâ€¦ https://t.co/hooxIyxtWE"
23,"ğŸ”´ Comienza Carrusel Deportivo Valenciano
SÃ¡bado 21, a las 18.30h
âš½ï¸  @GranadaCdeF - @valenciacf
EscÃºchanos en:
ğŸ“» SEâ€¦ https://t.co/WRp9Imwjjx"
24,"RT @GQMexico: Es oficial, The White Lotus es la series mÃ¡s vista y comentada del verano, y estÃ¡ en nuestra lista de las mejores de 2021 httâ€¦"
25,"Â¡VIVÃ EL PARTIDO CON PASIÃ“N TRICOLOR ğŸ‡³ğŸ‡±!

ğŸ§ EscÃºchanos a travÃ©s de: 

ğŸ“ŒğŸ“» Radio ((1010AM))

ğŸ“ŒğŸ“± DescargÃ¡ gratis nuestâ€¦ https://t.co/0fMPrnhanB"
26,"@gash276 @AnatitiNa No, Apple tv ... y en eso concuerdo."
27,"RT @SERDepValencia: ğŸ”´ Carrusel Deportivo Valenciano
SÃ¡bado 21, a las 18.30h
âš½ï¸  @GranadaCdeF - @valenciacf
EscÃºchanos en:
ğŸ“» SER+ Valencia 9â€¦"
28,"@gash276 Apple TV +. Por cierto, la programaciÃ³n allÃ­ es espectacular. Te lo recomiendo ampliamente, a tan solo 5 dolaritos al mes."
29,"@JamesTorres96 Apple TV porque la tenia que bajar en el ipad, Prime no te deja"
30,"ConocÃ© cuÃ¡nto cobran los actores mÃ¡s famosos de las principales plataformas de streaming como HBO Max, Netflix, y Aâ€¦ https://t.co/czidXYVI3A"
31,"ğŸ”´ Carrusel Deportivo Valenciano
SÃ¡bado 21, a las 18.30h
âš½ï¸  @GranadaCdeF - @valenciacf
EscÃºchanos en:
ğŸ“» SER+ Valencâ€¦ https://t.co/a9wXuwIZ9l"
32,"ğŸ”´ Carrusel Deportivo Valenciano
SÃ¡bado 21, a las 18.30h
âš½ï¸  @GranadaCdeF - @valenciacf
EscÃºchanos en:
ğŸ“» SER+ Valencâ€¦ https://t.co/R9oL6AXD8B"
33,"TenÃ©is que verla, en alquiler en Movistar+ y Apple TV+ (Una joven prometedora) https://t.co/Gjv1PalV35"
34,"RT @GQMexico: Es oficial, The White Lotus es la series mÃ¡s vista y comentada del verano, y estÃ¡ en nuestra lista de las mejores de 2021 httâ€¦"
35,@carnagemx No tengo Apple TV
36,"Misteriosos AirPods Pro 2: cÃ³mo serÃ¡n, cuÃ¡ndo los veremos y a quÃ© precio Basta observar la lista de AirPods de Applâ€¦ https://t.co/c6CZ2FgJCh"
37,"@Luuucilu @iamdoomling Ah, en ux. La app escritorio y cel funciona joya. Apple tv y eso un desastre."
38,"ğŸ“» EscÃºchanos #Hoy en #MundoInmobiliario 

Sintoniza el 98.5 FM CDMX, o en: https://t.co/IjuB35VZCG

Spotify -â€¦ https://t.co/yxwI3lhubw"
39,"Supra recomiendo la serie Ted Lasso, nominada a 20 premios Emmy. El pasado episodio (20/agosto)estuvo sÃºper emotivoâ€¦ https://t.co/lbEAygAAUm"
40,Haciendo mis cuentas para saber cÃ³mo puedo tener apple tv+ todo por culpa del estÃºpido y sensual Ted Lasso. https://t.co/0nTEaUectc
41,#MrCorman (Apple TV) me estÃ¡ sorprendiendo. Muy recomendable. Menuda delicia de episodio esta semana #MrMorales y mâ€¦ https://t.co/WEDT4EaccC
42,"La 2a de Ted Lasso sigue siendo tan buena como la primera, pero sigo teniendo problemas con los patines y pÃ©rdidasâ€¦ https://t.co/q5Py8T1y6a"
43,"@LadyBitterKas Â¿SE PUEDE CREER QUE NO LO TENGO? HBO, NETFLIX, AMAZON, FLIXOLÃ‰ Y APPLE TV, PERO FILMIN NO."
44,"Tom Holland actÃºa como los grandes, no tardarÃ¡ en que le den un Oscar. Vean esta pelÃ­cula y verÃ¡n una gran actuaciÃ³â€¦ https://t.co/8eSsQM8HIJ"
45,EmpecÃ© a vender todos los cachivaches que no uso. Ya se fue el crockpot ahora le toca el turno a este apple tv 4K qâ€¦ https://t.co/ncvGpp70uJ
46,@AitorAlexandre EstÃ¡ la segunda temporada? Es que me la voy en el perÃ­odo de prueba de Apple TV
47,"RT @Apple_Coding: Hoy, Apple Coding se dice Mashain. Nos visitan en nuestro directo @OliverNabani y @alipalcaraz y nos ponemos al dÃ­a de laâ€¦"
48,"@lauraisntmyname Me gustÃ³ mucho su primera temporada. La segunda me pareciÃ³ un sin-rumbo constante, no contaba granâ€¦ https://t.co/SBfoZoqM8a"
49,Primera imagen de la pelÃ­cula 'Finch'. Estreno el 5 de noviembre en Apple TV +. Protagonizada por Tom Hanks y Calebâ€¦ https://t.co/pQHo6mWDlB
50,"â–¶ï¸ VÃDEO | AppleTV+ lanza un nuevo trÃ¡iler de #FundaciÃ³n, su esperada adaptaciÃ³n de la saga literaria de Isaac Asimâ€¦ https://t.co/JS0wToJZxK"
51,"RT @VPITV: Â¡Disfruta de nuestra app GRATUITA en todos tus dispositivos mÃ³viles! DescÃ¡rgala aquÃ­: 

Para Android: https://t.co/65P2wuSXegâ€¦"
52,"RT @Apple_Coding: Hoy, Apple Coding se dice Mashain. Nos visitan en nuestro directo @OliverNabani y @alipalcaraz y nos ponemos al dÃ­a de laâ€¦"
53,"RT @It_sMeMario: ğŸ’™PS5:
- DualSense
- PS Plus Collection
- 6M de Apple TV+
- Horizon, TLOU, Spider, GOW, FF7R...
ğŸ’šXbox Series X:
- Game Passâ€¦"
54,"Â¡Disfruta de nuestra app GRATUITA en todos tus dispositivos mÃ³viles! DescÃ¡rgala aquÃ­: 

Para Android:â€¦ https://t.co/hrjTh1q5lD"
55,"""#Foundation, la nueva serie original de Apple TV+, presenta su trÃ¡iler y fecha de estreno.""

Lee mÃ¡s: https://t.co/wRjN48Tudx"
56,"RT @SERDepValencia: ğŸ”´ Carrusel Deportivo Valenciano
SÃ¡bado 21, a las 18.30h
âš½ï¸  @GranadaCdeF - @valenciacf
EscÃºchanos en:
ğŸ“» SER+ Valencia 9â€¦"
57,"@tropicoferoz El documental que estÃ¡ en Apple TV es una joya, un ride emocional ğŸ–¤"
58,"Publican trÃ¡iler de ""Foundation"", que llegarÃ¡ a Apple TV+ el 24-S (+Video) - https://t.co/OUYzb4HTNo #FarÃ¡ndula https://t.co/M20SHuutE4"
59,"RT @Apple_Coding: Hoy, Apple Coding se dice Mashain. Nos visitan en nuestro directo @OliverNabani y @alipalcaraz y nos ponemos al dÃ­a de laâ€¦"
60,"Hoy, Apple Coding se dice Mashain. Nos visitan en nuestro directo @OliverNabani y @alipalcaraz y nos ponemos al dÃ­aâ€¦ https://t.co/WyXXwhiwgV"
61,"La segunda temporada de #TruthBeTold, la serie protagonizada por Octavia Spencer, llega a Apple TV+ el viernes 20 dâ€¦ https://t.co/mosv6b5G6l"
62,"RT @CristoVQ: âš ï¸TODAS MIS REDESâš ï¸SÃ­gueme en ellas para contenido exclusivoğŸ”¥
ğŸ“ºCANAL PRINCIPAL: https://t.co/LeKY7mFtkp
ğŸ¥Twitch: https://t.coâ€¦"
63,"@javipas Me la apunto... para cuando tenga Apple TV+ ğŸ˜…. Ahora mismo tengo ""sÃ³lo"" Netflix, Amazon y Disney+ ğŸ¤·ğŸ»â€â™‚ï¸ğŸ¤£."
64,@timelapses Pero que me estÃ¡ contando? En Disney + las pelis me van con atmos (ya pasÃ© fotos de jungle cruise) y luâ€¦ https://t.co/6YgBSM6tea
65,"@MikeUsmile He visto que solo la tienen en Apple TV, pero buscarÃ© los torrents. Gracias!"
66,Apple TV Plus estrena hoy la segunda temporada de 'Truth be Told' https://t.co/Jsh0mjbHqr a travÃ©s de  @Seriepolis
67,"24 de septiembre ğŸ—“ï¸

https://t.co/4w8f0wwKht"
68,@numero6 A lo mejor puede gustarte Central Park de Apple TV https://t.co/C3latEL023
69,QuÃ© ganas! #asimov #scifi #foundation https://t.co/vWOpwdxRH9
70,Apple TV: FundaciÃ³n de Isaac Asimov recibe su primer trÃ¡iler https://t.co/8jC1bDg5Gg https://t.co/8cmFOiTejT
71,@timelapses En mi post inicial comentÃ© que atmos en fÃ­sico depende de las distribuidoras y que en Digital al menosâ€¦ https://t.co/sROGc1EMGg
72,"@timelapses Ya y yo te hablo de atmos xD

En fÃ­sico depende de las distribuidoras

Y en Digital a mi me sale en Disâ€¦ https://t.co/5IGqWBFZAK"
73,"RT @cmf_w: Â«AquÃ­ estamosÂ», una hermosa pelÃ­cula que nos invita a escuchar al planeta Tierra

Es una historia basada en el popular libro infâ€¦"
74,"Es oficial, The White Lotus es la series mÃ¡s vista y comentada del verano, y estÃ¡ en nuestra lista de las mejores dâ€¦ https://t.co/nENhE3EgSC"
75,"RT @ParisJacksonMX: La pelÃ­cula HABIT ya estÃ¡ disponible ğŸ˜Š Pueden mirar a travÃ©s de Amazon prime, Google play movies &amp; Apple TV. @ParisJackâ€¦"
76,Evita las multas de radar gracias a estas aplicaciones de iPhone A nadie le gusta tener que pagar multas por excesoâ€¦ https://t.co/2CwhDeOosA
77,"Â¡Asimooooooooov!

Apple TV+ pone toda la carne el asador, y esperemos que no se queme ni mucho menos:â€¦ https://t.co/k2VUSJR3eL"
78,"Tim Robbins protagonizarÃ¡ #Wool, la prÃ³xima serie postapocalÃ­ptica de Apple TV+ 
https://t.co/YWIjgTyqE4"
79,Consumer Electronics Computer Audio Visual TV #electronics #ad #bot  https://t.co/gd3fCHefrq
80,"@JavierCT95 Respecto a Apple TV, hay que distinguir la app en dos: la parte VOD de suscripciÃ³n e iTunes. Son TOTALMâ€¦ https://t.co/GxnzcWidta"
81,"RT @cmf_w: Â«AquÃ­ estamosÂ», una hermosa pelÃ­cula que nos invita a escuchar al planeta Tierra

Es una historia basada en el popular libro infâ€¦"
82,"@timelapses Pelis fÃ­sicas con DV hay pocas y se necesita un reproductor compatible

Y no hablo de Apple TV +como suâ€¦ https://t.co/FO9LY2OIiY"
83,"RT @SERDepValencia: ğŸ”´ Carrusel Deportivo Valenciano
SÃ¡bado 21, a las 18.30h
âš½ï¸  @GranadaCdeF - @valenciacf
EscÃºchanos en:
ğŸ“» SER+ Valencia 9â€¦"
84,"ğŸ”´ Carrusel Deportivo Valenciano
SÃ¡bado 21, a las 18.30h
âš½ï¸  @GranadaCdeF - @valenciacf
EscÃºchanos en:
ğŸ“» SER+ Valencâ€¦ https://t.co/3cUmwr3HWO"
85,"ğŸ”´ Carrusel Deportivo Valenciano
SÃ¡bado 21, a las 18.30h
âš½ï¸  @GranadaCdeF - @valenciacf
EscÃºchanos en:
ğŸ“» SER+ Valencâ€¦ https://t.co/WEujIxFT3r"
86,Tim Robbins se une al elenco de la adaptaciÃ³n de la serie Â«WoolÂ» en Apple TV+ https://t.co/Y4GLI0RMDL
87,"@timelapses Eso es cosa de las distribuidoras, no pueden o no quieren poner atmos en todos los idiomas en fÃ­sico.â€¦ https://t.co/WIcOHA6sEQ"
88,"Estrenos (20 de agosto): 59 series, pelÃ­culas y documentales en Netflix, HBO, Filmin, Movistar+, Disney+, Amazon yâ€¦ https://t.co/8f8yEhD3lu"
89,"Netflix estrena otra serie de 'Masters del Universo' en septiembre, y su trailer nos lleva a una Eternia de pura ciâ€¦ https://t.co/mwHk5OhXcp"
90,Consumer Electronics Computer Audio Visual TV #electronics #ad #bot  https://t.co/moobX2CHvq
91,"RT @ParisJacksonMX: La pelÃ­cula HABIT ya estÃ¡ disponible ğŸ˜Š Pueden mirar a travÃ©s de Amazon prime, Google play movies &amp; Apple TV. @ParisJackâ€¦"
92,TrÃ¡iler de la 'FundaciÃ³n': Primer vistazo de Apple TV Plus a la serie Isaac Asimov - Variedad #foundation  https://t.co/L8pgdlwAgK
93,ğŸ“ºApple TV+ estrenarÃ¡ el prÃ³ximo 24 de septiembre los dos primeros episodios de la serie que narra las hazaÃ±as de unâ€¦ https://t.co/LZ3oJxD3KM
94,"Â¡Disfruta de nuestra app GRATUITA en todos tus dispositivos mÃ³viles! DescÃ¡rgala aquÃ­: 

Para Android:â€¦ https://t.co/UH0z0zSRax"
95,"RT @Gnoiser3: Tengo Netflix, Disney, Amazon, HBO, Apple Tv y siempre termino viendo vÃ­deos random en Youtube..."
96,"#ElSoldeCÃ³rdoba ğŸ“º| â€œFoundationâ€ de Isaac Asimov se estrenarÃ¡ el 24 de septiembre por Apple TV+ 
https://t.co/JlN7ULqn2Y"
97,"RT @xataka: El nuevo trailer de 'FundaciÃ³n' centra su atenciÃ³n en el argumento, los emperadores clÃ³nicos y el nacimiento del proyecto de Haâ€¦"
98,Esta peli esta muy bonita se llama CODA esta en Apple TV pero seguro en cueva estÃ¡ free https://t.co/yjxrmmIOCM
99,"RT @parisjworld1: ""Habit"" estÃ¡ disponible en las siguientes plataformas digitales: Amazon Prime, Google Play Movies &amp; Apple TV.ğŸ¥ğŸ‘ @bellathoâ€¦"
0,necesito saber si es verdad q van a sacar grey's anatomy de netflix :(
1,"RT @AsisOberdan: Vi ""El Reino"" de PiÃ±eyro y PiÃ±eiro. Planteo excelente:  crimen equivocado, polÃ­ticos perversos y definiciÃ³n previsible. Coâ€¦"
2,"Por mÃ¡s que buscÃ³ algo para ver en Netflix ğŸ¥´ sin duda que la vieja se raje con la murision, me tiene con la expectativa bn altağŸ˜ŒğŸ˜¬"
3,"RT @Jorgeee13_: â€œÂ¡Menudo 2021 te espera!â€
Prota de una serie musical en netflix, saca su ep, el cual llegÃ³ al top 10 con 6 canciones y muchâ€¦"
4,"RT @diegoarroyogil: Me gustÃ³ mucho el documental de Netflix sobre Olivier Rousteing, el director creativo de Balmain, abandonado por su madâ€¦"
5,"RT @thebigbro__: Te mentÃ­, no vamos a ver Netflix, vamos a escuchar melon cake de Demi Lovato."
6,"RT @thebigbro__: Te mentÃ­, no vamos a ver Netflix, vamos a escuchar melon cake de Demi Lovato."
7,"RT @JosBernal18: Buenas a todxs, busco habitaciÃ³n en Sevilla para entrar el 1 de Septiembre. ğŸ˜„ğŸ˜ğŸ‘ğŸ½

Muchacho responsable âœŒğŸ½
Ofrezco contenidâ€¦"
8,@LarryWalters_ Estaba tan agustito viendo el Netflix con la batamanta y ahora hay que bajar al perro.ğŸ™„
9,"RT @GustavoRosarino: Como dijo una tuitera, pulgar abajo al Reino los que tengan Netflix 
#NoMiramosElReino https://t.co/N87e7zDQH4"
10,"RT @Vantedxboy: Esta votaciÃ³n TERMINA maÃ±ana a la 1 PM KST y vamos en 2 LUGAR

1.  1.727 M +
2. BTS - 1.725 M +

- Nombre que te guste
- Neâ€¦"
11,@RodrigoGamboaMx En mi humilde caso solo me aumenta las ganas de comer pancito dulce con chocolate caliente y ver netflix
12,"@CheNetflix Netflix ""pudiÃ³"" (dirÃ­a Axel). Es muy buena la serie, muchos temas verdaderos de los que no se hablan poâ€¦ https://t.co/WDwOPmYMhB"
13,"RT @EAPortoRiko: New ~ Yeni ~ Nueva
Finalizando grabaciones de la pelÃ­cula nuestro galÃ¡n #EnginAkyÃ¼rek junto a sus compaÃ±eros 
@tolgasaritaâ€¦"
14,RT @Tomister_: Lo tendrÃ© en cuenta Netflix https://t.co/JCwts7772O
15,"RT @Iopezobra_: Â¿QuÃ© creen?
Por buena conducta y por su edad voy a dejar en libertad al ""Jefe de Jefe"" seÃ±ores. Miguel Ãngel FÃ©lix Gallardoâ€¦"
16,@silvilunazul @RaraUribe @veropotes @sylviruk @neponita Spoilers ahead pero pa luego de que vean: https://t.co/xxrUybrmRY
17,"RT @92jinlovrss: YA TERMINO NEVERTHELESS EN COREA, ENTONCES YA LO PONEN EN NETFLIX AAAAAAA 

QUIERO VERLO POR SONG KANG MI HIJO ğŸ™‡ğŸ½â€â™€ï¸"
18,Y si hoy no salgo y me quedo jugando al minecraft y viendo netflix
19,"RT @jlfernandez: @sukopopeye Disparo al pie del polifashion... Ya que no puede salir en Netflix, esta intentando tomar la posta del padre hâ€¦"
20,Tarde de Netflix â™¥ï¸ y fÃºtbol
21,Netflix se ha convertido en un basurero de pelÃ­culas.
22,RT @EnterateCali: Netflix anuncia compatibilidad con funciÃ³n de audio espacial de productos Apple https://t.co/ohZxyGFTI6
23,"RT @YoungRyLATAM: ğŸ—£| â€œyo nunca nunca me enamorÃ© de un chico del coroâ€
-netflix nordic vÃ­a Instagram https://t.co/Ss1DWj08EV"
24,"RT @levmauc: A un mes de que Netflix estrene MIDNIGHT MASS, la nueva serie del director de THE HAUNTING OF HILL HOUSE. La serie se centrarÃ¡â€¦"
25,"Estoy viendo la serie de Netflix que se llama ""Todo va a estar bien"" 
Y estoy viendo pasar toda mi infanciaCONELMATâ€¦ https://t.co/wynWgGy8Jp"
26,"RT @elgranqenk: ğŸ˜¢ğŸ˜¢ğŸ˜¢
El actor Jason Statham fue asesinado en su domicilio en Nueva York por asaltantes que interrumpieron en su mansiÃ³n. Ã‰lâ€¦"
27,@D_sierrap Ni Netflix se atreviÃ³ a tanto
28,"RT @levmauc: A un mes de que Netflix estrene MIDNIGHT MASS, la nueva serie del director de THE HAUNTING OF HILL HOUSE. La serie se centrarÃ¡â€¦"
29,"Misterio develado, la foto completa. Son el Netflix de la campaÃ±a polÃ­tica, siempre tienen que bajar lÃ­nea de minorâ€¦ https://t.co/hdKZ85jJVr"
30,estoy aburrida quiero ver algo en Netflix pero no sÃ© q ver
31,"RT @JuanMPerkins: La mujer de Gil Lavedra, Claudia PiÃ±eiro, es la guionista de una serie tÃ­pica de Netflix. Bien agenda 2030, bien retorcidâ€¦"
32,"@KarenKook15 Son 10, aÃºn no esta para Netflix Latinoamerica pero la puedes encontrar en otras pÃ¡ginas"
33,"@NetflixLAT TÃ­o Netflix, para cuando Duckman con el doblaje latino original?"
34,Es la 3era vez q quiero ponjer algo en netflix y pateo la play y la apago pero q pelotuda dios mio
35,"RT @AlejandraIV: Me corto netflix, ahora si se termino!!!"
36,RT @EnginAkyurekRD: Fotos muy merecidas por todo el fandom â¤ğŸ‘ğŸ’ƒğŸ’ƒğŸ’ƒ #EnginAkyÃ¼rek #TolgaSarÄ±taÅŸ #YolunAÃ§Ä±kOlsun #Netflix https://t.co/B9Kgu35Câ€¦
37,Saben si buscando a Nemo estÃ¡ en Netflix o Amazon. ğŸ¤”
38,"Yo iba a aprovechar para ir a tomar mates y leer al sol.
Pero la ciudad de volviÃ³ loca. AsÃ­ que Netflix and Fiaca. https://t.co/8Y2zeCvPZD"
39,El dÃ­a se presta para estar acostada y mirar netflix.
40,"RT @monstersngeeks: CÃ³mo era de esperarse, el cÃ³mic co-creado por #KeanuReeves darÃ¡ el salto a otros medios y Netflix harÃ¡ una pelÃ­cula livâ€¦"
41,RT @_valsarmiento: soy adicta a los documentales de netflix
42,"RT @EAPortoRiko: New ~ Yeni ~ Nueva
Finalizando grabaciones de la pelÃ­cula nuestro galÃ¡n #EnginAkyÃ¼rek junto a sus compaÃ±eros 
@tolgasaritaâ€¦"
43,"@lopezdoriga @lopezdoriga , me parece que no es documental pero recomiendo Los Ãšltimos Zares, estÃ¡ en Netflix, saludos"
44,"RT @oscar_contardo: Las iglesias evangÃ©licas argentinas quieren censurar a la escritora Claudia PiÃ±eiro, guionista de la serie El Reino. Laâ€¦"
45,"RT @ithanasilvia1: @lopezdoriga ""El cuerpo humano: un mundo entraÃ±able"" estÃ¡ en NETFLIX simplemente maravilloso.ğŸ‘ŒğŸ» https://t.co/8q9g9BskGo"
46,@Superfluowow Mira que estÃ¡ en Netflix... https://t.co/ghh4Yzfvc1
47,podrian poner a yoli de opcion de icon en netflix https://t.co/L70y43GmRi
48,"QuÃ© depresion.. Y me tienen harta con las tipas peladas. Tipas peladas en las publicidades, tipas peladas en las seâ€¦ https://t.co/ByQ3Snyfwp"
49,"Eli, la pelÃ­cula de Netflix que saliÃ³ hace ya vas dos aÃ±os. HabÃ­a visto comentarios muy buenos sobre la pelÃ­cula peâ€¦ https://t.co/dlTATi5Sia"
50,Cuando no le quiero contestar a alguien me meto a netflix y pues de ahÃ­ no hay quien me saqueğŸ˜‚
51,"RT @oscar_contardo: Las iglesias evangÃ©licas argentinas quieren censurar a la escritora Claudia PiÃ±eiro, guionista de la serie El Reino. Laâ€¦"
52,RT @iEsteusuario: â“˜ Este usuario quiere Mimir con vos abrazados y ver Netflix
53,"@Jon_ElNolasco el secreto estÃ¡ en no rendirse y seguir aprendiendo, pronto te veremos en netflix, por favor enseÃ±alâ€¦ https://t.co/AbiI6abrKb"
54,"@TELMEXSoluciona @Telmex
Disculpen estoy teniendo un problema con el internet solo con el celular, algunas aplicaciâ€¦ https://t.co/FGI2SadlFM"
55,"Con esto del Nuevo Rico, Nuevo Pobre se confirma que Netflix se convirtiÃ³ el Focus group de Caracol.

La pereza menâ€¦ https://t.co/P2JGOlYwxg"
56,"Pensando en darme de alta en Netflix sÃ³lo para ver esta pelÃ­cula.
https://t.co/LfSV1o8LLE"
57,"RT @memo_1704: @elpaisuy El cable tiene que agradecerle al FÃºtbol, sino fuera por Ã©ste ya estarÃ­an fundidos. Surge un Netflix de fÃºtbol y Râ€¦"
58,â€œLa reina del flow 2â€ CapÃ­tulo 77: Titano intenta matar a Yeimy Montoya https://t.co/go8To0KmU1
59,Descubre quiÃ©n ha estado usando tu cuenta de Netflix https://t.co/N7usE9s0dc
60,ğŸ¥ğŸï¸ La nueva cinta de Claudia Llosa tendrÃ¡ su estreno mundial en la 69 ediciÃ³n del Festival de Cine de San SebastiÃ¡â€¦ https://t.co/JMwJGw6hqj
61,estoy viendo control z en netflix y me esta gustando muchÃ­simo
62,"RT @Jorgeee13_: â€œÂ¡Menudo 2021 te espera!â€
Prota de una serie musical en netflix, saca su ep, el cual llegÃ³ al top 10 con 6 canciones y muchâ€¦"
63,"bendito apple tv+ siempre sabe lo que quiero ver, no como tÃº netflix que solo me ofreces series fomes"
64,"Ando viendo una serie bien cool de una cineasta de pelis de horror que se llama Nuevo sabor a cereza en Netflix, ay vÃ©anla ğŸ–¤"
65,"RT @JohnAnzola: Si estÃ¡n buscando algo para ver, les recomiendo el documental â€œPara Samaâ€, sobre la caÃ­da de Alepo (Siria), y la tragedia dâ€¦"
66,Â¿El fandom de Rebelde Netflix - cuando se estrene - se sumarÃ¡ al de RBD? Â¿O habrÃ¡ rivalidad? ğŸ‘€
67,@CevansMajo Creo que la suben el otro mes a Netflix jejejeje
68,@IboCelikkolLat @ModeVa16 Espero q no pero pienso q hasta septiembre no empezarÃ¡n a darnos contenido...!! igual q Nâ€¦ https://t.co/1Lo9gtqFtA
69,Los servidores de #streaming siguen aÃ±adiendo contenido original a sus catÃ¡logos. Esto es lo mÃ¡s sonado del momentoâ€¦ https://t.co/92vmk9WQzJ
70,Â¿Sin plan para el sÃ¡bado? En #Lecturas te traemos tres pelÃ­culas de #Netflix que te salvarÃ¡n la mejor noche de la sâ€¦ https://t.co/MaMbLkhUM3
71,"Vista Todo va a estar bien. Premisa polÃ©mica (hipsters divorciados viviendo juntos), buena direcciÃ³n de Luna, afilaâ€¦ https://t.co/Ckw4SmIUAb"
72,Netflix tendrÃ­a que sacar un ranking de las pelÃ­culas mÃ¡s pausadas.
73,"Ni Netflix, ni Prime, ni HBO tienen la pelÃ­cula que quiero ver, luego que por quÃ© me las pirateo :C"
74,"Tarde de Netflix, sÃºper seguro â˜”ï¸"
75,Luka ya no me deja ver ni las noticias. Yo prendo la tele y el me roba el control y pone YouTube o Netflix. ğŸ˜­ğŸ‘¶ğŸ»â€¦ https://t.co/vkYcGbgXy2
76,"DespuÃ©s de meses encontrÃ© una pelÃ­cula en Netflix , buena. 

Sweet Girl."
77,@demimoore___ la vi en netflix con vpn porq solo estÃ¡ en netflix d estados unidos igual deben haber mÃ¡s pÃ¡ginas q lâ€¦ https://t.co/e8pOqtKu6j
78,@maureencecilia @oaaguilo @oscar_contardo TambiÃ©n en netflix?
79,Con este clima solo quiero estar acostada y ver series en Netflix ğŸ“ˆğŸ“ˆ
80,"RT @MallorcaBlanca: Los que no tenÃ©is ilusiÃ³n con el Real Madrid, maÃ±ana a las 22:00 podÃ©is poner Netflix."
81,... #CineHistÃ³rico #LeonTrotsky  Konstantin Khabensky lo caracterizÃ³ en la controversial miniserie biogrÃ¡fica rusaâ€¦ https://t.co/CIYYPukyFJ
82,"RT @Chaposoto: Â¿Alguien preguntÃ³ por una serie espeluznante?

Ã‰chenle un ojo a esta. QuÃ© Netflix ni que la chingada... ğŸ¤¬"
83,Â¿Alguien con ganas de discord + Netflix/Disney/Amazon esta noche?
84,Se antoja ver Netflix con este huracÃ¡n https://t.co/xXZNIfeO3W
85,QuerÃ­a verme una peli y mi hermana no pago el netflix quede ğŸ¤¡
86,@July_Latorre Demuestra lo que son. AdemÃ¡s de ser pÃ©simo en guiÃ³n y actuaciones. Lo peor de Netflix y un claro ejemâ€¦ https://t.co/oJzDNyFSgJ
87,"@AnaWhiteCh Hola Capitana! Por ahora no mucho xD... desearia tener mi PS4 aqui para distraerme. Por ahora Netflix, YouTube o Disney +"
88,Estoy tranquila acostada mirando todas las pelÃ­culas y series quÃ© hay en Netflix pero en realidad deberÃ­a estar estâ€¦ https://t.co/dEf56lHFv4
89,"RT @Silithur: Necesito un dÃ­a de chill tumbadito viendo Netflix, asÃ­ que hoy descansito, prometo que no aparezco a la noche con un LEGO gigâ€¦"
90,"La pelÃ­cula El inconformista  en Netflix, demuestra la verdad en AfganistÃ¡n"
91,@FunesCartagena El rÃ©gimen dictatorial de Nicaragua no te deja ver Netflix que te pones a ver el faro que pobre estâ€¦ https://t.co/JcN1YwfNJJ
92,"@frases_de_otro @HBOMaxLA Tengo todas las aplicaciones y a ninguna le pasa eso... 
netflix, disney, amazon... soloâ€¦ https://t.co/OGaBFWcMM2"
93,"@lopezdoriga En Netflix ""CÃ³mo se convirtieron en tiranos"""
94,@Caritotulindabb Te espero para ver netflix.? ğŸ˜
95,"RT @levmauc: A un mes de que Netflix estrene MIDNIGHT MASS, la nueva serie del director de THE HAUNTING OF HILL HOUSE. La serie se centrarÃ¡â€¦"
96,"RT @__mlndz__: Pusieron el tercer season de Manifest en Netflix, al fin coÃ±o"
97,"RT @levmauc: A un mes de que Netflix estrene MIDNIGHT MASS, la nueva serie del director de THE HAUNTING OF HILL HOUSE. La serie se centrarÃ¡â€¦"
98,@StefanaPac SabÃ©is cuando la ponen en netflix? Gracias!!
99,"RT @MallorcaBlanca: Los que no tenÃ©is ilusiÃ³n con el Real Madrid, maÃ±ana a las 22:00 podÃ©is poner Netflix."
