Date|Tweet
2021-08-21 05:37:27|"RT @De10mx: #TarjetaDe10 üé•üòÆü§Ø ""Psicosis"" es considerada una obra maestra del cine... ¬øSab√≠as que fue rechazada por Paramount Pictures? üëá htt‚Ä¶"
2021-08-21 05:31:53|Pagando Netflix, Disney+, Prime Video, HBO max y Youtube premium y resulta que lo que quiero ver est√° en Paramount üòë
2021-08-21 05:25:04|RT @elespectador: Llega un thriller pol√≠tico-social basado en la anulaci√≥n de la doctrina Parot por el tribunal de Estrasburgos en 2013, qu‚Ä¶
2021-08-21 05:15:50|"Y ya que hablo de HBO,ocurre algo curioso ü§≠
Aqu√≠ en casa tenemos bastantes aplicaciones as√≠,Netflix,prime,directtv,‚Ä¶ https://t.co/wVPWm8IO5z"
2021-08-21 05:01:27|@RCachanosky Jajaja! Olivos Coproducci√≥n  Paramount y asociados.
2021-08-21 05:00:01|"üéû Desde M√©xico con amor
üé¨ Jimmy Nickerson
üì∫ Paramount Network
üóì 21/ago. ‚è∞ 02:15
üìΩ Drama
‚≠êÔ∏è 5.40 https://t.co/SrVB0oqswx"
2021-08-21 04:39:59|¬øPor qu√© nickelodeon estreno la peli de the loud house en netflix teniendo su propia plataforma como paramount + ?
2021-08-21 04:27:05|@ParamountPlusLA Paw Patrol La Pel√≠cula no est√° en Paramount+ M√©xico, pero si en USA, cuando estar√° disponible para‚Ä¶ https://t.co/xSyIwWRklO
2021-08-21 04:22:19|"@Sr_Doctor_ ""Your honor"" en Paramount,
""The exorcist"" en prime.
""Game of thrones"" en HBO
""Monarca"" en netflix (Es m‚Ä¶ https://t.co/a38itI4yfu"
2021-08-21 03:52:49|Del ring del pressing catch al estrellato del cine de acci√≥n, en el caso del majete John Cena (la molona PERSECUCI√ì‚Ä¶ https://t.co/6bN2kp1Zah
2021-08-21 03:51:17|Por m√°s agentes secretos con barriga cervecera y modales de macarra de Harlem como el Ice Cube de xXx 2: ESTADO DE‚Ä¶ https://t.co/OgazqUtvmt
2021-08-21 03:49:00|Harald Zwart volvi√≥ a Europa tras su etapa hollywoodiense para recalar en Noruega y narrar, con un riguroso uso del‚Ä¶ https://t.co/5o5cCK9rxz
2021-08-21 03:48:30|#SkyShowtime: as√≠ ser√° el servicio de streaming de Paramount y Universal https://t.co/IXkJ3kN5Zx
2021-08-21 03:43:17|@SandyIsaac9 S√≠, hace poco saco dos pel√≠culas y solo una llego pero esta en Paramount :(
2021-08-21 03:14:33|"RT @nessxbtsk: ""Es el momento de decir gracias a ti que est√°s viendo este video, porque t√∫ fuiste quien nos puso quiz√°s en el radar de Para‚Ä¶"
2021-08-21 03:14:04|"RT @ushbryan: ""es el momento de decir GRACIAS a ti que est√°s viendo este video, porque t√∫ fuiste quien nos puso quiz√°s en el radar de Param‚Ä¶"
2021-08-21 03:13:23|Que tu colega se fume una caja de paramount en menos de 2 horas tambi√©n es un red flag
2021-08-21 03:09:34|obvio que si me suscribir√© al Paramount+ solo para ver el madame X concert en octubre
2021-08-21 03:08:32|"RT @nessxbtsk: ""Es el momento de decir gracias a ti que est√°s viendo este video, porque t√∫ fuiste quien nos puso quiz√°s en el radar de Para‚Ä¶"
2021-08-21 03:07:56|"RT @ushbryan: ""es el momento de decir GRACIAS a ti que est√°s viendo este video, porque t√∫ fuiste quien nos puso quiz√°s en el radar de Param‚Ä¶"
2021-08-21 03:07:20|"RT @CarxRefi: Hilo de por qu√© kally's mashup ES la mejor serie. (Y logros)

- fue tendencia en Netflix y paramount+
- es un √©xito en y fuer‚Ä¶"
2021-08-21 03:06:26|RT @shiningskabeche: Los de Paramount buscaron directamente a Bryan y Eddy para el doblaje de los personajes de Ruben y Butch, weeeeeeey, n‚Ä¶
2021-08-21 02:55:46|"#Musica | ¬øEres fan de #RicardoArjona? No te puedes perder su concierto #HechoALaAntigua desde #Paramout+ https://t.co/8RoMlaPoNN"
2021-08-21 02:54:33|Amigos vean Interrogation en Paramount. Joyita
2021-08-21 02:53:37|"cada vez que veo algo de paramount o fox estoy tipo 
EVELYNCELIAAAAAA https://t.co/Klm4KFpi0D"
2021-08-21 02:51:12|Pensar que hubo guerra de egos porque buscaban reemplazar a Marley por Iv√°n de Pineda pa los viajes y ahora uno va‚Ä¶ https://t.co/D7TmdPzAA6
2021-08-21 02:45:01|"üéû La hu√©sped
üé¨ Andrew Niccol
üì∫ Paramount Network
üóì 21/ago. ‚è∞ 00:00
üìΩ C.Ficci√≥n
‚≠êÔ∏è 5.90 https://t.co/jhoYc3urDd"
2021-08-21 02:33:46|"RT @CarxRefi: Hilo de por qu√© kally's mashup ES la mejor serie. (Y logros)

- fue tendencia en Netflix y paramount+
- es un √©xito en y fuer‚Ä¶"
2021-08-21 02:29:49|RT @shiningskabeche: Los de Paramount buscaron directamente a Bryan y Eddy para el doblaje de los personajes de Ruben y Butch, weeeeeeey, n‚Ä¶
2021-08-21 02:19:51|RT @ParamountNetESP: Dos cl√°sicos de la acci√≥n de los 90, con #NicolasCage como protagonista y ambas de la factor√≠a Bruckheimer. ¬øCon cu√°l‚Ä¶
2021-08-21 02:17:14|"RT @nessxbtsk: ""Es el momento de decir gracias a ti que est√°s viendo este video, porque t√∫ fuiste quien nos puso quiz√°s en el radar de Para‚Ä¶"
2021-08-21 02:13:20|Acabo de activar paramount+ por un a√±o gratis desde flow. Puse comprar y el codigo de seguridad de 4 digitos, pero‚Ä¶ https://t.co/Knzsl5uL2Z
2021-08-21 02:09:19|@PesteRana @betancco @Monkeysupremo2 @E_Lain04 @QueOmbe @marito1978301 @laparkajr @Alex_homer_ @David24Pineda‚Ä¶ https://t.co/yMVzPU37G7
2021-08-21 02:09:17|no hay nada en paramount+ q onda
2021-08-21 02:06:03|"RT @perfilcom: No te pierdas estas entregas que podes ver tanto en Netflix como en Paramount +.

https://t.co/LaB7RDkzIa"
2021-08-21 02:00:01|"No te pierdas estas entregas que podes ver tanto en Netflix como en Paramount +.

https://t.co/LaB7RDkzIa"
2021-08-21 01:52:22|@Julio18206224 @notiarjona Paramount descargarlo esta por 79 pesos al mes
2021-08-21 01:49:36|"RT @CarxRefi: Hilo de por qu√© kally's mashup ES la mejor serie. (Y logros)

- fue tendencia en Netflix y paramount+
- es un √©xito en y fuer‚Ä¶"
2021-08-21 01:39:08|"Olv√≠denlo 
Solo est√° para paramount + 
üò≠ https://t.co/fU760E1Gfw"
2021-08-21 01:36:05|"Thriller espa√±ol Parot llega en exclusiva a Paramount+
https://t.co/rEgxMo1i2P https://t.co/VuT95QRQaq"
2021-08-21 01:35:35|"RT @ParamountPlusLA: Yo tambi√©n quiero un abrazo de Spencer ü•∫Ô∏è

¬°HOY! Nuevo cap√≠tulo de la nueva temporada de #iCarly solo en Paramount+  @‚Ä¶"
2021-08-21 01:27:55|RT @GuillodeVLF: @Sebas_Fontaine Si, esta buen√≠sima. La vi cuando puse Paramount, muy buena en verdad
2021-08-21 01:24:05|"Mi papa compro paramount + 
Y siento que tiene 15 A√±os con las pelis que mira"
2021-08-21 01:23:30|@Sebas_Fontaine Si, esta buen√≠sima. La vi cuando puse Paramount, muy buena en verdad
2021-08-21 01:07:33|"RT @ushbryan: ""es el momento de decir GRACIAS a ti que est√°s viendo este video, porque t√∫ fuiste quien nos puso quiz√°s en el radar de Param‚Ä¶"
2021-08-21 01:05:14|@ParamountPlusLA en Costa Rica la pel√≠cula de Paw Patrol se estrenar√° en Paramount+ ?
2021-08-21 01:05:05|"RT @ushbryan: ""es el momento de decir GRACIAS a ti que est√°s viendo este video, porque t√∫ fuiste quien nos puso quiz√°s en el radar de Param‚Ä¶"
2021-08-21 01:03:22|@CableFibertel Hola, quisiera acceder a la promoci√≥n de Paramount+ gratis por un a√±o, pero cuando ingreso desde el‚Ä¶ https://t.co/JhESWEdHrt
2021-08-21 01:03:12|"RT @ushbryan: ""es el momento de decir GRACIAS a ti que est√°s viendo este video, porque t√∫ fuiste quien nos puso quiz√°s en el radar de Param‚Ä¶"
2021-08-21 01:01:42|@Tynchoef1989 Eso mismo muy teenagers total. Pero si te fijas x Flow hay buenas xq le compra a Paramount+
2021-08-21 01:01:22|@amhabrego @ParamountPlusLA Hola sabes c√≥mo iniciar sesi√≥n en la aplicaci√≥n de Paramount+ si est√° contratado por Pr‚Ä¶ https://t.co/Hwwvie7nvt
2021-08-21 01:00:19|@itsorlybitch Empec√© a mirar series de Flow, q se las compra a Paramount+ primero me vi The Hsndmaid‚Äôs tale 4ta y ah√≠ enganche.
2021-08-21 01:00:13|"RT @Colombia_SKuad: üéôÔ∏è| ‚ÄúEs el momento de decir gracias a ti que est√°s viendo este video, porque t√∫ fuiste quien nos puso quiz√°s en el rada‚Ä¶"
2021-08-21 00:59:38|"RT @CarxRefi: Hilo de por qu√© kally's mashup ES la mejor serie. (Y logros)

- fue tendencia en Netflix y paramount+
- es un √©xito en y fuer‚Ä¶"
2021-08-21 00:51:55|"üéôÔ∏è| ‚ÄúEs el momento de decir gracias a ti que est√°s viendo este video, porque t√∫ fuiste quien nos puso quiz√°s en el‚Ä¶ https://t.co/H3b6lZMIKE"
2021-08-21 00:51:31|"@PollitaAlice No, ahora est√° en Paramount+
Pero siempre se puede ver en alg√∫n sitio dudoso, jejeje."
2021-08-21 00:45:54|es el momento de decir gracias a ti que est√°s viendo este video, porque t√∫ fuiste quien nos puso quiz√°s en el radar‚Ä¶ https://t.co/tPt5FdAlcJ
2021-08-21 00:45:11|RT @ParamountNetESP: Dos cl√°sicos de la acci√≥n de los 90, con #NicolasCage como protagonista y ambas de la factor√≠a Bruckheimer. ¬øCon cu√°l‚Ä¶
2021-08-21 00:44:42|"RT @nessxbtsk: ""Es el momento de decir gracias a ti que est√°s viendo este video, porque t√∫ fuiste quien nos puso quiz√°s en el radar de Para‚Ä¶"
2021-08-21 00:43:33|"RT @ushbryan: ""es el momento de decir GRACIAS a ti que est√°s viendo este video, porque t√∫ fuiste quien nos puso quiz√°s en el radar de Param‚Ä¶"
2021-08-21 00:42:30|"RT @ushbryan: ""es el momento de decir GRACIAS a ti que est√°s viendo este video, porque t√∫ fuiste quien nos puso quiz√°s en el radar de Param‚Ä¶"
2021-08-21 00:42:21|"RT @nessxbtsk: ""Es el momento de decir gracias a ti que est√°s viendo este video, porque t√∫ fuiste quien nos puso quiz√°s en el radar de Para‚Ä¶"
2021-08-21 00:40:11|"""Es el momento de decir gracias a ti que est√°s viendo este video, porque t√∫ fuiste quien nos puso quiz√°s en el rada‚Ä¶ https://t.co/1ji0ccX4cb"
2021-08-21 00:40:08|"RT @ushbryan: ""es el momento de decir GRACIAS a ti que est√°s viendo este video, porque t√∫ fuiste quien nos puso quiz√°s en el radar de Param‚Ä¶"
2021-08-21 00:40:03|"RT @ushbryan: ""es el momento de decir GRACIAS a ti que est√°s viendo este video, porque t√∫ fuiste quien nos puso quiz√°s en el radar de Param‚Ä¶"
2021-08-21 00:35:43|RT @shiningskabeche: Los de Paramount buscaron directamente a Bryan y Eddy para el doblaje de los personajes de Ruben y Butch, weeeeeeey, n‚Ä¶
2021-08-21 00:34:51|"RT @ushbryan: ""es el momento de decir GRACIAS a ti que est√°s viendo este video, porque t√∫ fuiste quien nos puso quiz√°s en el radar de Param‚Ä¶"
2021-08-21 00:34:20|"RT @ushbryan: ""es el momento de decir GRACIAS a ti que est√°s viendo este video, porque t√∫ fuiste quien nos puso quiz√°s en el radar de Param‚Ä¶"
2021-08-21 00:34:20|"#LaGenteGooglea ""Paramount Plus"" por el estreno de su nuevo contenido exclusivo Manos arriba Chef! https://t.co/SkXNc2DZCk"
2021-08-21 00:33:52|"RT @ushbryan: ""es el momento de decir GRACIAS a ti que est√°s viendo este video, porque t√∫ fuiste quien nos puso quiz√°s en el radar de Param‚Ä¶"
2021-08-21 00:33:17|"""es el momento de decir GRACIAS a ti que est√°s viendo este video, porque t√∫ fuiste quien nos puso quiz√°s en el rada‚Ä¶ https://t.co/7p26jCCXE8"
2021-08-21 00:28:32|"Digan ""te amo"" sin decir ""te amo"", yo comienzo:
Te presto mi cuenta de Paramount.
üòò @HardTimesP_more"
2021-08-21 00:26:31|RT @shiningskabeche: Los de Paramount buscaron directamente a Bryan y Eddy para el doblaje de los personajes de Ruben y Butch, weeeeeeey, n‚Ä¶
2021-08-21 00:25:15|RT @shiningskabeche: Los de Paramount buscaron directamente a Bryan y Eddy para el doblaje de los personajes de Ruben y Butch, weeeeeeey, n‚Ä¶
2021-08-21 00:22:24|Ver a mis ni√±os logrando algo tan incre√≠ble como el doblaje es una satisfacci√≥n incre√≠ble, ver qu√© Paramount pens√≥‚Ä¶ https://t.co/UftBy0TKMQ
2021-08-21 00:09:45|Los de Paramount buscaron directamente a Bryan y Eddy para el doblaje de los personajes de Ruben y Butch, weeeeeeey‚Ä¶ https://t.co/ujoF7RuqNK
2021-08-21 00:08:00|@roy_ @HBOMaxLA The office ya est√°n todas las temporadas en Paramount+
2021-08-21 00:02:38|@Cosmonautita Mil gracias, vi Your honor en Paramount y me encant√≥
2021-08-20 23:57:07|"RT @CarxRefi: Hilo de por qu√© kally's mashup ES la mejor serie. (Y logros)

- fue tendencia en Netflix y paramount+
- es un √©xito en y fuer‚Ä¶"
2021-08-20 23:55:21|quiero ver la pelicula nueva de paw patrol pero no me va el paramount plusü§†ü§†ü§†ü§†ü§†ü§†ü§†ü§†ü§†ü§†
2021-08-20 23:54:39|"Renta de netflix $50
Renta de hbo max $60
Renta de paramount $50
Renta de blim tv $50
Renta de starplay $50
Renta d‚Ä¶ https://t.co/e2b5HXz0eM"
2021-08-20 23:52:04|"Renta de netflix $50
Renta de hbo max $60
Renta de paramount $50
Renta de blim tv $50
Renta de starplay $50
Renta d‚Ä¶ https://t.co/WW9FGAG7Ba"
2021-08-20 23:48:01|"RT @movienetworkpr: üö®√öLTIMA HORAüö® Samantha Mathis y Henry Thomas se han unido a la adaptaci√≥n de seguimiento de ""Pet Sematary"" de Stephen K‚Ä¶"
2021-08-20 23:38:06|@ClaroVideo Vas agregar la serie Yo Soy Franky? De Paramount+
2021-08-20 23:30:42|@marcus_sour pre-90s o inicios 90s en series nada de nada, onda solo el pr√≠ncipe del rap en hbo max y Frasier en Pa‚Ä¶ https://t.co/TrJRNblstv
2021-08-20 23:30:09|A qu√© chingada hora van a poner la pel√≠cula de paw patrol en paramount üò†üò†üò†
2021-08-20 23:15:38|RT @NetlifeEcuador: ¬øEres amante de las series?üëÄEn nuestro #Top5Netlife te traemos las mejores series de #Paramount+ü§©que puedes disfrutar d‚Ä¶
2021-08-20 23:11:18|RT @NetlifeEcuador: ¬øEres amante de las series?üëÄEn nuestro #Top5Netlife te traemos las mejores series de #Paramount+ü§©que puedes disfrutar d‚Ä¶
2021-08-20 23:11:16|RT @NetlifeEcuador: ¬øEres amante de las series?üëÄEn nuestro #Top5Netlife te traemos las mejores series de #Paramount+ü§©que puedes disfrutar d‚Ä¶
2021-08-20 23:10:00|¬øEres amante de las series?üëÄEn nuestro #Top5Netlife te traemos las mejores series de #Paramount+ü§©que puedes disfrut‚Ä¶ https://t.co/3TmSM9O9np
2021-08-20 23:06:45|"Quer√©s ver pelis? Anot√°:

Netflix
Amazon
Disney+
Paramount
Flow
Telecentro Play
Cinear
Plutotv
Cuevana3
Pelisplus
P‚Ä¶ https://t.co/O0m8uZJJdB"
2021-08-20 22:58:30|@ParamountPlusLA Hola buenas tardes,estoy usando paramount plus desde roku y se me sale lo que pongo cada 1 o 2 minutos ¬øcomo lo soluciono?
2021-08-20 22:58:23|RT @elespectador: Llega un thriller pol√≠tico-social basado en la anulaci√≥n de la doctrina Parot por el tribunal de Estrasburgos en 2013, qu‚Ä¶
2021-08-20 22:57:23|@ParamountPlusLA @NickelodeonLA Hola buenas tardes,estoy usando Paramount plus desde Roku y se me sale lo que pongo‚Ä¶ https://t.co/XPlWCHx22r
2021-08-20 22:38:17|RT @elespectador: Llega un thriller pol√≠tico-social basado en la anulaci√≥n de la doctrina Parot por el tribunal de Estrasburgos en 2013, qu‚Ä¶
2021-08-20 22:36:54|RT @elespectador: Llega un thriller pol√≠tico-social basado en la anulaci√≥n de la doctrina Parot por el tribunal de Estrasburgos en 2013, qu‚Ä¶
2021-08-20 22:33:37|@JuanPVS9 @SPTV @WarnerMedia @Disney Dudo que sea @UniversalPics por m√°s que haya logrado que su divisi√≥n japonesa‚Ä¶ https://t.co/acR5dVaE4T
2021-08-20 22:30:20|@salvameoficial Totalmente de acuerdo con √©l,sois carro√±a y mirar Paramount es lo mejor o Netflix.
2021-08-20 22:27:46|RT @elespectador: Llega un thriller pol√≠tico-social basado en la anulaci√≥n de la doctrina Parot por el tribunal de Estrasburgos en 2013, qu‚Ä¶
2021-08-20 22:26:49|@EliotReyna @SPTV @WarnerMedia @Disney O universal o Netflix y si algo Paramount
2021-08-21 05:50:10|‚òÄÔ∏è Zenimation de Disney+ convierte escenas cl√°sicas animadas en relajantes experiencias auditivas... https://t.co/yz5o9o0aJd
2021-08-21 05:49:47|Ser√°n dos Apps por separado, no ser√° como en Europa que Star Plus est√° dentro de Disney Plus.
2021-08-21 05:49:46|"Ya vi los precios de Star Plus en Colombia, ya que el precio 
 var√≠a dependiendo el pa√≠s de Am√©rica Latina y, pues‚Ä¶ https://t.co/uWDT0XY5V7"
2021-08-21 05:47:20|‚òÄÔ∏è Zenimation de Disney+ convierte escenas cl√°sicas animadas en relajantes experiencias auditivas... https://t.co/FOEmR0fhPc
2021-08-21 05:35:03|falta Netflix y voy a tener hbo max, disney plus y Netflix a la vez ü§©
2021-08-21 05:33:43|"RT @ImagenRetro: Es hoy... ¬°ES HOY! Ya se encuentran disponibles todos los episodios de ""Dinosaurios"" en Disney Plus. https://t.co/g8GYDq3d‚Ä¶"
2021-08-21 05:32:47|TENGO DISNEY PLUS OTRA VEZ
2021-08-21 05:14:15|RT @saimonsavi: Pero la flop pasa en lo m√°s visto en disney plus y la flop tiene los videos con mas vistas en el canal de disney
2021-08-21 05:13:05|"RT @thecliniccl: #Video üì∫ | No te pierdas el trailer ‚ÄúStar Wars: Visions‚Äù, el anime del universo creado por George Lucas que llegar√° a Disn‚Ä¶"
2021-08-21 05:10:02|"#Video üì∫ | No te pierdas el trailer ‚ÄúStar Wars: Visions‚Äù, el anime del universo creado por George Lucas que llegar√°‚Ä¶ https://t.co/EAZ5CLhbxX"
2021-08-21 05:04:56|"RT @PatriotaCombate: Los amigos de  @rebelionbistro las noches:
La comida m√°s sabrosa en el local m√°s cool. Ven y disfruta tu cena: tenemos‚Ä¶"
2021-08-21 05:00:52|"RT @PatriotaCombate: Los amigos de  @rebelionbistro las noches:
La comida m√°s sabrosa en el local m√°s cool. Ven y disfruta tu cena: tenemos‚Ä¶"
2021-08-21 04:56:54|"RT @PatriotaCombate: Los amigos de  @rebelionbistro las noches:
La comida m√°s sabrosa en el local m√°s cool. Ven y disfruta tu cena: tenemos‚Ä¶"
2021-08-21 04:33:06|‚òÄÔ∏è Zenimation de Disney+ convierte escenas cl√°sicas animadas en relajantes experiencias auditivas... https://t.co/FyQHE9sakE
2021-08-21 04:25:01|Soy yo o la plataforma de disney plus est√° bien chafa, se traba un buen pa lo caro que esta
2021-08-21 04:17:14|Amix, pr√©stenme su cuenta de Disney plus y la vida de los pagar√° con mucho √©xito.
2021-08-21 04:16:30|Una no puede ver una pel√≠cula online porque te llenan millones de virus adem√°s parece disney plus tu crees google q‚Ä¶ https://t.co/4Yslxog9EN
2021-08-21 04:13:56|@jungkookanojo omgg yo ahora veo star vs las fuerzas del mal n disney plus https://t.co/02j6WLtHRu
2021-08-21 04:13:38|RT @saimonsavi: Pero la flop pasa en lo m√°s visto en disney plus y la flop tiene los videos con mas vistas en el canal de disney
2021-08-21 04:03:17|mi abuela saco el netflix para ponerle disney plus a sus perritas y ahora me quede sin netflix https://t.co/8ITz7HnpGY
2021-08-21 03:52:51|Mi miss me dio su cuenta de Disney plus üò≠üò≠
2021-08-21 03:42:03|Cre√≠a que no estaba influenciado por el mundo de Disney y sus princesas... Luego vi el spin off de The Mughty Ducks‚Ä¶ https://t.co/t8M5kMS13q
2021-08-21 03:35:43|RT @SimpsonitoMX: Disponibles ya en Disney Plus todos los cap√≠tulos de Dinosaurios, menos uno: https://t.co/Q7QoYeNiaN
2021-08-21 03:21:29|No s√© xq no puedo entrar a Disney plus en mi celular
2021-08-21 03:20:35|Pago netflix, Amazon y disney plus y miro el noticiero nada m√°s üòÇü§¶üèæ‚Äç‚ôÇÔ∏è
2021-08-21 03:17:49|@ro_moyano_26 @chego2010 @CarlosMSolis @ro482049241 @PuntajeIdealEC @Puntaje_Ideal @ESPNPLAY @PuntajeIdealPE Para q‚Ä¶ https://t.co/5TEDyO7kjP
2021-08-21 03:13:58|quiero disney plus üò©
2021-08-21 03:06:43|okay ya, lo primero q har√© con mi primer sueldo es pagar Disney plus y ya ver a mi amor Loki  ü•∫
2021-08-21 03:05:10|RT @julianlucas0: Necesito tener Disney plus nada m√°s para ver los Simpsons.
2021-08-21 02:56:33|Estrenos (20 de agosto): 59 series, pel√≠culas y documentales en Netflix, HBO, Filmin, Movistar+, Disney+, Amazon y‚Ä¶ https://t.co/BJe5gFpzow
2021-08-21 02:51:28|Quiero agregar que te quiero mucho @FiteTV s√∫per funcional la app m√°s que las de HBO y Disney Plus. Se conecto r√°pi‚Ä¶ https://t.co/cywQehNlb1
2021-08-21 02:50:10|"RT @CajeroAirTmVe: Sitios en donde he podido comprar con #Zinli
- Amazon
- he verificado mi PayPal
- he pagado Ads para RRSS
- he pagado de‚Ä¶"
2021-08-21 02:47:42|Que lindooo pero pens√© que la iba a poder ver en Disney Plus https://t.co/atawsnXCEJ
2021-08-21 02:27:58|disney plus la mejor creaci√≥n del mundo
2021-08-21 02:26:59|@delvastof @RosaMdrid @__IamPame_ @marisolvilla31 Esque seg√∫n yo est√° en Disney Star que es complemento de Disney p‚Ä¶ https://t.co/Bj3olJZbGD
2021-08-21 02:25:57|RT @saimonsavi: Pero la flop pasa en lo m√°s visto en disney plus y la flop tiene los videos con mas vistas en el canal de disney
2021-08-21 02:24:25|Me parece incre√≠ble que mi novio pague netflix, prime video, disney plus y hbo max, pero no quiere pagar spotify premium
2021-08-21 02:18:10|Hace semanas que no pon√≠a Disney plus, pongo what if? Y en el minuto 3 se pega üò≠
2021-08-21 02:16:40|‚òÄÔ∏è Zenimation de Disney+ convierte escenas cl√°sicas animadas en relajantes experiencias auditivas... https://t.co/4eMq5TBbWg
2021-08-21 02:16:27|Tengo Netflix, Amazon prime y Disney plus y aj√° no se que ver alguien que me recomiende algo bueno
2021-08-21 02:15:01|"RT @AnimalMX: T√∫ y yo viendo un marat√≥n de Dinosaurios este fin de semana... ¬øte apuntas? üòè 
Aqu√≠ te dejamos los episodios imperdibles. üòç
h‚Ä¶"
2021-08-21 02:01:52|Se busca roomie que tenga Disney plus a la m√≠a ya se le acabo la suscripci√≥n üò©
2021-08-21 01:56:48|@stey_MessiFCB @Blanco6_Prime Tenes que tener disney plus
2021-08-21 01:52:17|me pusieron disney plusüíóüíóüíóüíóüíósoy una malcriada caprichosa Si
2021-08-21 01:46:07|Cuentas Disney plus 4 meses 15 dolares. https://t.co/wiN0PjRxuO
2021-08-21 01:39:44|El servicio de streaming Star Plus ya esta a la vuelta de la esquina en M√©xico. Contr√°talo y disfruta el 31 de agos‚Ä¶ https://t.co/oGP7KmPfBy
2021-08-21 01:37:49|Mis viejos tienen Disney Plus, Amazon Prime Video, Hbo Max, Netflix y solo miran este ultimo. Deci que soy igual a‚Ä¶ https://t.co/GvTdSC5EDi
2021-08-21 01:35:35|RT @saimonsavi: Pero la flop pasa en lo m√°s visto en disney plus y la flop tiene los videos con mas vistas en el canal de disney
2021-08-21 01:34:18|Como me gustar√≠a ver los n√∫meros de streaming de Disney plus.
2021-08-21 01:34:15|Estoy esperando que llegue mi cu√±ado pa pedirle permiso de usar su cuenta de Disney plus. Me voy a ver mulan
2021-08-21 01:30:15|@lumosklaus Gracias a ti, mi mes de Disney plus lo agradece https://t.co/iHcQzLcIVG
2021-08-21 01:30:09|@BarcelonismoFCB La mejor serie de marvel hasta ahora en disney plus
2021-08-21 01:25:06|Lo que me est√° salvando de esta cuarentena es Disney Plus, Netflix y HBO MAX ‚ù§Ô∏è
2021-08-21 01:24:09|Pague Disney plus solo para ver coco! Y ac√° estoy llorando obvio.
2021-08-21 01:21:48|@MatiMont ta en disney plus esa peli?
2021-08-21 01:19:02|@libertadDobby Alguien sabe si en Disney plus est√°n las pel√≠culas de Harry Potter?
2021-08-21 01:18:49|"¬°TODOS LOS ESTRENOS DE ESTA SEMANA EN DISNEY PLUS PARA QUE DISFRUTES EL FINDE!

Entre lo m√°s destacado est√° la seri‚Ä¶ https://t.co/ftblXTZlqr"
2021-08-21 01:14:25|"RT @ImagenRetro: Es hoy... ¬°ES HOY! Ya se encuentran disponibles todos los episodios de ""Dinosaurios"" en Disney Plus. https://t.co/g8GYDq3d‚Ä¶"
2021-08-21 01:09:01|@itsorlybitch Jajaja Flow y Netflix los pago , Amazon y Disney Plus y HBO Max me los pasan  üòÉ
2021-08-21 01:07:31|Porqu√© tard√© tanto en suscribirme a Disney plus si amo Disney? üòç
2021-08-21 01:05:44|"RT @jmvillelabeitia: Los que est√©n abonados a Disney Plus van a poder disfrutar de los documentales 30 for 30 de la ESPN en Star.

No ser√°‚Ä¶"
2021-08-21 01:00:03|Todo esto llega al streaming desde hoy, ¬øqu√© vais a ver este fin de semana? https://t.co/UFhtA6yu4n
2021-08-21 00:54:24|@Wertayo1 @wmnz_95 @StarPlusLA ¬øPuedo armar pol√©mica? (para equivocarme luego...) No creo que  los eventos de NFL q‚Ä¶ https://t.co/SffxGOdSCS
2021-08-21 00:48:42|@NIGGUCK ERA MUY BUENAAA, a mi m quitaron hoy el disney plus :'k
2021-08-21 00:48:13|RT @saimonsavi: Pero la flop pasa en lo m√°s visto en disney plus y la flop tiene los videos con mas vistas en el canal de disney
2021-08-21 00:44:02|saben, no es mi intenci√≥n ignorar a mis contactos, pero desde q tengo disney plus me la paso viendo soy luna üò≠
2021-08-21 00:43:14|Quien quiere socializar cuando tenes disney plus xd
2021-08-21 00:42:17|Puedes dar m√°s cuentas de disney plus gratis?? Es que me quede a medio de una serie :(( ‚Äî hablame por dm https://t.co/OQnqazyior
2021-08-21 00:35:30|"RT @Xndreavg: Sab√≠a que no ten√≠a que cancelar Disney plus

En septiembre estar√°n las cr√≥nicas de Guerra de Carlos

Dios me has mirado a los‚Ä¶"
2021-08-21 00:34:48|"Sab√≠a que no ten√≠a que cancelar Disney plus

En septiembre estar√°n las cr√≥nicas de Guerra de Carlos

Dios me has mi‚Ä¶ https://t.co/8caWJ1HBrE"
2021-08-21 00:29:42|@Berenjenaaaa01 Como si t√∫ necesitaras mucha ayuda para eso... jajajajaja Romi, te quiero en tu esencia, qu√© me est‚Ä¶ https://t.co/Dn6l7rtXCX
2021-08-21 00:29:31|necesito disney plus quien me presta su cuenta üòùüòù
2021-08-21 00:22:04|Me meo porque ayer todas dramaron por el ig de jeremy y el otro debe estar con la novia mirando Disney Plus re panc‚Ä¶ https://t.co/u8D4jEeSI5
2021-08-21 00:19:40|@CajeroAirTmVe En Disney Plus no me deja pagar pq dice q la tarjeta no corresponde a mi pa√≠s q soluci√≥n me das ? Por favor
2021-08-21 00:15:00|"#Ent√©rate | El personaje de #IronHeart tendr√° su debut oficial en la cinta #BlackPanther 'Wakanada Forever'. 

Cabe‚Ä¶ https://t.co/ThXBaTtdSn"
2021-08-21 00:13:50|"RT @supergeekcl: Un mejor vistazo a Mark Hamill en esa escena de ""The Mandalorian"" üôå #TheMandalorian #LukeSkywalker #MarkHamill https://t.c‚Ä¶"
2021-08-21 00:09:36|"¬°Dinosaurios llega a Disney Plus M√©xico!
Todas las temporadas de la serie protagonizada por ""El nene consentido"" ll‚Ä¶ https://t.co/PbgZK4wMse"
2021-08-21 00:08:17|@vanelaoji C√≥mo as√≠? Se puede a√±adir Star a Disney Plus?
2021-08-21 00:08:02|‚òÄÔ∏è Zenimation de Disney+ convierte escenas cl√°sicas animadas en relajantes experiencias auditivas... https://t.co/hyZmfyoHp8
2021-08-21 00:06:25|"RT @CajeroAirTmVe: Sitios en donde he podido comprar con #Zinli
- Amazon
- he verificado mi PayPal
- he pagado Ads para RRSS
- he pagado de‚Ä¶"
2021-08-21 00:04:12|Si te regala cuenta de Disney plus tiene puntos a favor https://t.co/LMRhNS6BL1
2021-08-21 00:02:30|‚òÄÔ∏è Zenimation de Disney+ convierte escenas cl√°sicas animadas en relajantes experiencias auditivas... https://t.co/0WAySrpCmc
2021-08-20 23:54:43|"RT @AnimalMX: T√∫ y yo viendo un marat√≥n de Dinosaurios este fin de semana... ¬øte apuntas? üòè 
Aqu√≠ te dejamos los episodios imperdibles. üòç
h‚Ä¶"
2021-08-20 23:54:39|"Renta de netflix $50
Renta de hbo max $60
Renta de paramount $50
Renta de blim tv $50
Renta de starplay $50
Renta d‚Ä¶ https://t.co/e2b5HXz0eM"
2021-08-20 23:53:03|"RT @FamilyMLB: Se los dije üò±
La 4ta temporada llega a Disney Plus solo en Estados Unidos apartir del 15 de septiembre

Todos se preguntan t‚Ä¶"
2021-08-20 23:52:04|"Renta de netflix $50
Renta de hbo max $60
Renta de paramount $50
Renta de blim tv $50
Renta de starplay $50
Renta d‚Ä¶ https://t.co/WW9FGAG7Ba"
2021-08-20 23:47:55|Necesito tener Disney plus nada m√°s para ver los Simpsons.
2021-08-20 23:47:49|"Yo la verdad es que s√≠ voy a pagar con gusto los 38 mil pesos de Star con Disney Plus. 
Los Simpsons los valen."
2021-08-20 23:44:37|"Ahora que Marvel ha mostrado inter√©s en hacer series animadas para Disney plus 

¬øQu√© c√≥mic les gustar√≠a adaptado e‚Ä¶ https://t.co/dhYJjK4Wa9"
2021-08-20 23:36:07|quien tienes disney plus es q me quiero ver todas la temporadas de soy luna
2021-08-20 23:30:02|"T√∫ y yo viendo un marat√≥n de Dinosaurios este fin de semana... ¬øte apuntas? üòè 
Aqu√≠ te dejamos los episodios imperd‚Ä¶ https://t.co/o9yQR2x7w4"
2021-08-20 23:30:00|Una serie documental que no te puedes perder y que est√° nominada al Emmy¬Æ es #SecretosDeLasBallenas. ¬°As√≠ que entra‚Ä¶ https://t.co/T5byFaAZgd
2021-08-20 23:18:14|#Black Panther 2 presentar√° a #Ironheart antes de su serie en #Disney Plus https://t.co/OYRYrh2VEj
2021-08-20 23:14:32|RT @Nallyluz: Mi hermano mayor me pide la clave de HBO +, mi hermano menor la de Disney Plus, mi hermano casi gemelo le pide a Kiki la clav‚Ä¶
2021-08-20 23:13:37|QUE COSA LINDA DISNEY PLUS QUIERO LLORAR :(
2021-08-20 23:12:14|@ShifannyBitch Pues la √∫ltima q vi fue Loki üòÖde Disney plus y la de guerra de vecinos de Netflix tambi√©n wandavision y Falcon
2021-08-20 23:11:16|@MundoLG Ok, pero no lo quiten para despu√©s desconocer la existencia de este documento. https://t.co/dNv0U1vHPa
2021-08-20 23:07:43|"RT @CajeroAirTmVe: Sitios en donde he podido comprar con #Zinli
- Amazon
- he verificado mi PayPal
- he pagado Ads para RRSS
- he pagado de‚Ä¶"
2021-08-20 23:06:52|RT @DonPeterEstrada: Pago Netflix,Amazon Prime y Disney plus. Y termino viendo las pel√≠culas en Cuevana. Soy mi propio Nicolas Maduro y Gua‚Ä¶
2021-08-20 23:06:20|"Sitios en donde he podido comprar con #Zinli
- Amazon
- he verificado mi PayPal
- he pagado Ads para RRSS
- he paga‚Ä¶ https://t.co/hzvJ35vDtm"
2021-08-21 05:44:37|RT @SELENAT0RSARMY: Sony est√° en conversaciones con Amazon Prime Video para la distribuci√≥n de ‚ÄòHotel Transylvania 4‚Äô en la plataforma por‚Ä¶
2021-08-21 05:42:58|"RT @thecliniccl: Una serie para gobernarlos a todos: Revelan fecha de estreno y la primera imagen de la adaptaci√≥n de ""El Se√±or de los Anil‚Ä¶"
2021-08-21 05:39:07|"RT @thecliniccl: Una serie para gobernarlos a todos: Revelan fecha de estreno y la primera imagen de la adaptaci√≥n de ""El Se√±or de los Anil‚Ä¶"
2021-08-21 05:30:06|"Una serie para gobernarlos a todos: Revelan fecha de estreno y la primera imagen de la adaptaci√≥n de ""El Se√±or de l‚Ä¶ https://t.co/rYk4SZ6E7I"
2021-08-21 05:23:28|RT @elespanolcom: 4 pel√≠culas recomendadas para ver el fin de semana en Netflix, Amazon Prime Video, Movistar+ y Filmin https://t.co/BrK0Ma‚Ä¶
2021-08-21 05:22:47|#GhostEnTVN ¬øya est√°n emitiendo la tercera temporada de #TheGoodDoctor en TVN?,como es que reci√©n ahora me entero,b‚Ä¶ https://t.co/VSVZESkekb
2021-08-21 05:18:02|¬´Evangelion 3.0+1.0¬ª establece r√©cord de vistas en Amazon Prime Video  https://t.co/0qKrlLKhIy
2021-08-21 05:18:02|4 pel√≠culas recomendadas para ver el fin de semana en Netflix, Amazon Prime Video, Movistar+ y Filmin https://t.co/BrK0MaUAu3
2021-08-21 05:10:19|Amazon Prime Video muestra cu√°l es su contenido m√°s popular  https://t.co/rLSsba5swQ
2021-08-21 05:09:16|@AmazonHelp quiero iniciar sesi√≥n en Amazon Prime video pero ya no tengo ese n√∫mero. Que puedo hacer? https://t.co/fPqVih4MbB
2021-08-21 04:46:51|Creo que con esto empiezo a olvidarme de esperar la √∫ltima temporada de This Is Us en Amazon Prime Video https://t.co/Ad6K80EFER
2021-08-21 04:45:09|RT @Tubal_Cain_: #Invincible en Amazon Prime V√≠deo üòâ https://t.co/YdiAunuPqA
2021-08-21 04:35:55|RT @horrorlosers: El 1 de octubre regresa WELCOME TO THE BLUMHOUSE, la antolog√≠a de pel√≠culas de terror de Amazon Prime Video, con cuatro n‚Ä¶
2021-08-21 04:35:48|"RT @Zombi_Ecuador: Hoy en noche de Zombies: Dawning of the Dead.
Terror filmada en Inglaterra.
Cuando un extra√±o virus reanima los muertos,‚Ä¶"
2021-08-21 04:31:42|"RT @Zombi_Ecuador: Hoy en noche de Zombies: Dawning of the Dead.
Terror filmada en Inglaterra.
Cuando un extra√±o virus reanima los muertos,‚Ä¶"
2021-08-21 04:22:16|@dannilomillan üëç ü§òü§òü§òPor siempre!!!!! Si no la ha visto, le recomiendo un buen documental sobre la historia del Heav‚Ä¶ https://t.co/jYwkTM193T
2021-08-21 04:18:09|Sigo enamorado de HBO MAX, super√≥ a Netflix y Amazon Prime Video https://t.co/32Upiakxs1
2021-08-21 04:07:15|"RT @PrimeVideoLat: Tienes una cita con el Dr. Shaun Murphy para ver los nuevos episodios de #TheGoodDoctor4
Solo en Amazon Prime Video"
2021-08-21 04:06:15|Amazon Prime Video busca: Anime sexo
2021-08-21 03:40:31|"""Hacemos peliculas, Hacemos peliculas para el cine. Es lo que hacemos"" 
-Barbara Broccoli
@CasaSnorky @Archivo_007‚Ä¶ https://t.co/u9e9VQsdq7"
2021-08-21 03:37:29|"RT @LIndi74035023: üí•üí• Brutal Serie UTOPIA en Amazon Prime Video. Totalmente disruptiva.

Nos lo cuentan TODO a la cara...

2 brutales ejemp‚Ä¶"
2021-08-21 03:27:20|Weon... Pluto TV retir√≥ a Los Tres Chiflados de la programaci√≥n... me dudo a que es porque no renovaron los derecho‚Ä¶ https://t.co/u5FXy9bP2w
2021-08-21 03:24:13|"Muuuy buen art√≠culo sobre como el podcast ya es un complemento necesario en la era del streaming.

Y, curiosamente,‚Ä¶ https://t.co/tnDdcAMzoy"
2021-08-21 03:00:02|"En #ElTrompo es noche #DePel√≠cula:

LOS NI√ëOS DE HUANG SHI
‚ñ∂: Amazon Prime Video

Durante la invasi√≥n japonesa de C‚Ä¶ https://t.co/R2UNSc720v"
2021-08-21 02:44:08|RT @pato_sesnich: Y en septiembre llega a la cartelera de cine de #Iquique - #Chile otra segunda parte #EscapeRoom2 -la primera es muy entr‚Ä¶
2021-08-21 02:42:08|RT @pipevicioso: Aviso! estas tres series abandonan Amazon Prime Video este mes de agosto: Malcolm in the Middle, Buffy y el 31 de agosto s‚Ä¶
2021-08-21 02:33:31|Ayer les contrat√© Amazon Prime Video a mis padres y ahora ah√≠ est√°n acostados en su cuarto viendo la pel√≠cula de los Temerarios ü•∫ü•∫
2021-08-21 02:28:22|Ante la pregunta inevitable, la pel√≠cula se estren√≥ en cines y en streaming (Amazon Prime Video) en varios pa√≠ses.‚Ä¶ https://t.co/yyoFE6Ug0t
2021-08-21 02:15:56|RT @PrimeVideoLat: Vicky y sus 3 mam√°s vuelven. Toda la temporada en Amazon Prime Video
2021-08-21 02:06:34|Y en septiembre llega a la cartelera de cine de #Iquique - #Chile otra segunda parte #EscapeRoom2 -la primera es mu‚Ä¶ https://t.co/PwT0xlHY3I
2021-08-21 02:05:51|@shxvibez Non, est√° en Amazon prime video, igua ahora voy a ver violet y finch
2021-08-21 01:58:46|RT @pipevicioso: Aviso! estas tres series abandonan Amazon Prime Video este mes de agosto: Malcolm in the Middle, Buffy y el 31 de agosto s‚Ä¶
2021-08-21 01:50:03|"Burla cuarentena. Perdonan a Nicole Kidman en China 
 Nicole Kidman viaj√≥ a China para rodar una serie de Amazon Pr‚Ä¶ https://t.co/LOUayB86iq"
2021-08-21 01:47:56|RT @xataka: Amazon Prime Video se sube al carro de los tops de lo m√°s visto con sus propias listas de √©xitos. https://t.co/IhSol0pb7j
2021-08-21 01:40:02|Amazon Prime Video se sube al carro de los tops de lo m√°s visto con sus propias listas de √©xitos. https://t.co/IhSol0pb7j
2021-08-21 01:39:48|"RT @PrimeVideoLat: Tienes una cita con el Dr. Shaun Murphy para ver los nuevos episodios de #TheGoodDoctor4
Solo en Amazon Prime Video"
2021-08-21 01:37:49|Mis viejos tienen Disney Plus, Amazon Prime Video, Hbo Max, Netflix y solo miran este ultimo. Deci que soy igual a‚Ä¶ https://t.co/GvTdSC5EDi
2021-08-21 01:23:09|"‚û°Ô∏è 1500 CANALES EN VIVO DE LATINOAMERICA.
‚û°Ô∏è INCLUYE NETFLIX, DISNEY, AMAZON PRIME,  HBO, MARBELL.
‚û°Ô∏è 3 PANTALLAS S‚Ä¶ https://t.co/cXiJvJSYZ1"
2021-08-21 01:13:05|RT @somoskudasai: Amazon Prime Video lanz√≥ un documental en Jap√≥n protagonizado por el director Hideaki Anno y el comediante/director Hitos‚Ä¶
2021-08-21 01:11:23|@Joss0973Josshua @HBOMaxLA S√≠. Tambi√©n est√° en Amazon Prime Video üëç
2021-08-21 01:07:42|"RT @marianciri: Mi pel√≠cula ""Feliz Cumplea√±os"" se va a estrenar en Amazon Prime Video, pero mientras tanto la pueden comprar de manera priv‚Ä¶"
2021-08-21 01:06:08|RT @PrimeVideoLat: Vicky y sus 3 mam√°s vuelven. Toda la temporada en Amazon Prime Video
2021-08-21 00:58:30|"RT @ANMO_Sugoi: Amazon Prime Video reporto que el m√°s reciente estreno del proyecto cinematogr√°fico ""Rebuild of Evangelion"", que fue el pas‚Ä¶"
2021-08-21 00:30:43|RT @PrimeVideoLat: Vicky y sus 3 mam√°s vuelven. Toda la temporada en Amazon Prime Video
2021-08-21 00:26:46|AMAZON FINALMENTE COLOCOU √çCONES NO PRIME VIDEO NUNCA FUI TRISTE https://t.co/5rROx5zyiF
2021-08-21 00:17:42|"RT @marianciri: Mi pel√≠cula ""Feliz Cumplea√±os"" se va a estrenar en Amazon Prime Video, pero mientras tanto la pueden comprar de manera priv‚Ä¶"
2021-08-21 00:09:22|"Mi pel√≠cula ""Feliz Cumplea√±os"" se va a estrenar en Amazon Prime Video, pero mientras tanto la pueden comprar de man‚Ä¶ https://t.co/RzJrcyFLHS"
2021-08-21 00:08:22|RT @PrimeVideoLat: Tener varias mam√°s tiene muchas ventajas y una de ellas es que te diviertes al triple. Pr√≥ximamente, #Peque√±asVictorias‚Ä¶
2021-08-21 00:05:00|@3stefanialopez Aqu√≠ la puedes descargar e incluso verla online usando uTorrent Web: https://t.co/2PMAXw2jcg y aqu√≠‚Ä¶ https://t.co/3OlycvY4qR
2021-08-21 00:04:34|Hoy celebramos tambi√©n el cumplea√±os de Andrew Garfield! Y para disfrutarlo en Amazon Prime Video podemos hacerlo e‚Ä¶ https://t.co/ceya0hVd2D
2021-08-21 00:01:19|Hoy est√° de cumplea√±os la reina Amy Adams! Para celebrarlo y disfrutarla en Amazon Prime Video la encontramos en 'L‚Ä¶ https://t.co/wyr2I7dHed
2021-08-21 00:01:02|"RT @Zombi_Ecuador: Hoy en noche de Zombies: Dawning of the Dead.
Terror filmada en Inglaterra.
Cuando un extra√±o virus reanima los muertos,‚Ä¶"
2021-08-21 00:00:41|Estas son las series y pel√≠culas m√°s vistas en Amazon Prime¬†Video https://t.co/RFpZkAkN1R
2021-08-21 00:00:40|Estas son las series y pel√≠culas m√°s vistas en Amazon Prime¬†Video https://t.co/VZzbvyS04v
2021-08-21 00:00:32|El servicio streaming ofrece ahora un listado de sus producciones m√°s populares https://t.co/bMFipdR9nt
2021-08-21 00:00:29|"Hoy en noche de Zombies: Dawning of the Dead.
Terror filmada en Inglaterra.
Cuando un extra√±o virus reanima los mue‚Ä¶ https://t.co/0r7VZGQRiZ"
2021-08-20 23:59:08|"Hay que disfrutar de la lectura y m√°s cuando la historia est√° cargada de muchas emociones.

Una aventura a un nuevo‚Ä¶ https://t.co/HeYomlF55A"
2021-08-20 23:54:12|RT @pipevicioso: Aviso! estas tres series abandonan Amazon Prime Video este mes de agosto: Malcolm in the Middle, Buffy y el 31 de agosto s‚Ä¶
2021-08-20 23:43:37|"Para los amantes del #futbol esta serie de @PrimeVideo est√° muy buena!!!

El Presidente - Tr√°iler oficial | Amazon‚Ä¶ https://t.co/qeb6RQHduu"
2021-08-20 23:40:27|"Ambos largometrajes abordan la vida y obra del famoso creador de Evangelion.

https://t.co/jzH7fI5US7

#HideakiAnno‚Ä¶ https://t.co/DT7XFBqmmA"
2021-08-20 23:36:44|Recomiendo hab√≠a una vez en Hollywood,  de Tarantino. Esta en Amazon Prime Video .Muy buena
2021-08-20 23:31:46|@PrimeVideoLat Buenas, una consulta, porque en mi cuenta de amazon, no aparece mi subscripcion a prime video?, saludos
2021-08-20 23:25:45|RT @gazzetadelmilan: üì∞ @MilanNewsit: Milan TV estar√° disponible en Amazon Prime Video Channels con todos los contenidos relacionados con el‚Ä¶
2021-08-20 23:22:34|RT @ANMO_Sugoi: Amazon Prime Video lanz√≥ un documental en Jap√≥n, protagonizado por el reconocido director Hideaki Anno y el comediante/dire‚Ä¶
2021-08-20 23:11:35|"RT @filonewsOK: üé¨ Amazon Prime Video present√≥ las primeras im√°genes de ""Welcome to the Blumhouse"" https://t.co/mrviwGBjrI"
2021-08-20 22:58:19|RT @ANMO_Sugoi: Amazon Prime Video lanz√≥ un documental en Jap√≥n, protagonizado por el reconocido director Hideaki Anno y el comediante/dire‚Ä¶
2021-08-20 22:58:00|RT @ANMO_Sugoi: Amazon Prime Video lanz√≥ un documental en Jap√≥n, protagonizado por el reconocido director Hideaki Anno y el comediante/dire‚Ä¶
2021-08-20 22:56:45|RT @ANMO_Sugoi: Amazon Prime Video lanz√≥ un documental en Jap√≥n, protagonizado por el reconocido director Hideaki Anno y el comediante/dire‚Ä¶
2021-08-20 22:55:24|RT @ANMO_Sugoi: Amazon Prime Video lanz√≥ un documental en Jap√≥n, protagonizado por el reconocido director Hideaki Anno y el comediante/dire‚Ä¶
2021-08-20 22:50:13|Amazon Prime Video lanz√≥ un documental en Jap√≥n, protagonizado por el reconocido director Hideaki Anno y el comedia‚Ä¶ https://t.co/it0SyKCPIL
2021-08-20 22:49:47|#Tecnologia Amazon Prime Video ahora te permite cambiar tu foto de perfil a tus personajes favoritos‚Ä¶ https://t.co/5bT6LZsgKg
2021-08-20 22:43:53|RT @Holasoyramon: Parot (Serie de TV) ‚Äì Temporada 1 ‚Äì Episodios 1 y 2 ‚Äì 2021 ‚Äì Pilar Nadal (Creadora), Rafa Montesinos, Gustavo Ron ‚Äì Amazo‚Ä¶
2021-08-20 22:43:52|Aviso! estas tres series abandonan Amazon Prime Video este mes de agosto: Malcolm in the Middle, Buffy y el 31 de a‚Ä¶ https://t.co/QL2Mhm7kyV
2021-08-20 22:38:45|RT @PrimeVideoLat: Vicky y sus 3 mam√°s vuelven. Toda la temporada en Amazon Prime Video
2021-08-20 22:38:25|@danyguerrae Amazon prime v√≠deo
2021-08-20 22:37:21|@PrimeVideoMX Acabo de contratar Amazon por the office, no me digan que cuando llegue a HBO lo van a retirar del cat√°logo de prime v√≠deo?
2021-08-20 22:33:19|"RT @filonewsOK: üé¨ Amazon Prime Video present√≥ las primeras im√°genes de ""Welcome to the Blumhouse"" https://t.co/mrviwGBjrI"
2021-08-20 22:33:04|"üé¨ Amazon Prime Video present√≥ las primeras im√°genes de ""Welcome to the Blumhouse"" https://t.co/mrviwGBjrI"
2021-08-20 22:27:23|RT @PrimeVideoLat: Vicky y sus 3 mam√°s vuelven. Toda la temporada en Amazon Prime Video
2021-08-20 22:26:08|RT @gazzetadelmilan: üì∞ @MilanNewsit: Milan TV estar√° disponible en Amazon Prime Video Channels con todos los contenidos relacionados con el‚Ä¶
2021-08-20 22:19:39|RT @somoskudasai: Amazon Prime Video lanz√≥ un documental en Jap√≥n protagonizado por el director Hideaki Anno y el comediante/director Hitos‚Ä¶
2021-08-20 22:17:56|@ChihiroFerry Esp√©rate a que veas Amazon prime video XD
2021-08-20 22:14:40|Alguien tiene amazon prime video es para una amiga
2021-08-20 22:07:50|RT @PrimeVideoLat: Vicky y sus 3 mam√°s vuelven. Toda la temporada en Amazon Prime Video
2021-08-20 22:06:35|RT @LaOpinionLA: Lanzan el tr√°iler de ‚ÄúEl Juego de las Llaves‚Äù, la ardiente serie de Pantaya https://t.co/KLSBg4wjAB
2021-08-20 21:56:01|RT @gazzetadelmilan: üì∞ @MilanNewsit: Milan TV estar√° disponible en Amazon Prime Video Channels con todos los contenidos relacionados con el‚Ä¶
2021-08-20 21:52:49|"RT @DarlingRt2: Amazon Prime Video reporto que el m√°s reciente estreno del proyecto cinematogr√°fico ""Rebuild of Evangelion"", que fue el pas‚Ä¶"
2021-08-20 21:50:15|@noebacab La √∫ltima vez la vi en Amazon Prime Video
2021-08-20 21:45:08|"@fabiana_hn Your honor!
Dexter!
Descarga una app playhub max, creo abarca todas las plataformas de netflix, Amazon, disney prime video etc"
2021-08-20 21:43:40|RT @PrimeVideoLat: Vicky y sus 3 mam√°s vuelven. Toda la temporada en Amazon Prime Video
2021-08-20 21:37:19|"RT @somoskudasai: La plataforma Amazon Prime Video inform√≥ que el estreno del proyecto cinematogr√°fico ""Rebuild of Evangelion"", el pasado 1‚Ä¶"
2021-08-20 21:37:14|RT @PrimeVideoLat: Vicky y sus 3 mam√°s vuelven. Toda la temporada en Amazon Prime Video
2021-08-20 21:32:01|"RT @DeAcaEnMasOk: Recomendaciones para el fin de semana por @arihergott üé¨

üçø #OtraRonda, pel√≠cula danesa ganadora del Oscar a mejor film ex‚Ä¶"
2021-08-20 21:30:38|RT @PrimeVideoLat: Cuidado con el abuelo, viene a sacarte tu cuarto. Robert De Niro vuelve a la comedia en esta divertida guerra familiar,‚Ä¶
2021-08-20 21:24:00|"Ahora por culpa de ""The Good Doctor"" voy a tener que contratar Amazon prime video."
2021-08-20 21:23:30|@milosflaca Pues si te gusta el sci fi checa ‚Äúthe expanse‚Äù En Amazon Prime Video.
2021-08-20 21:23:11|RT @gazzetadelmilan: üì∞ @MilanNewsit: Milan TV estar√° disponible en Amazon Prime Video Channels con todos los contenidos relacionados con el‚Ä¶
2021-08-20 21:21:45|Amazon Prime Video entrena 'Nine Perfect Strangers', la nueva serie de Nicole Kidman https://t.co/bBz0V1mEIP
2021-08-20 21:15:49|@luisv1530 Lo que he contado.Los derechos que Mediapro le vendi√≥ a Movistar plus expiraron en Julio 2021.A partir d‚Ä¶ https://t.co/NC0Fmu3JJz
2021-08-20 21:13:12|‚ÄúGod's in his heaven. All's right with the world‚Äù. Ventanas de cielo para alabar #Evangelion y el cierre de la tetr‚Ä¶ https://t.co/FPgyfAIvMW
2021-08-21 05:54:25|RT @AlexMonthy: Si no la pudiste ver en cines o quieres verla de nuevo, Space Jam: Una Nueva Era, ha llegado al servicio de streaming HBO M‚Ä¶
2021-08-21 05:53:28|@Knight_carbajal @totalplaymx ¬°Hola !, @Knight_carbajal yo puedo ayudarte, en #Infinitum podemos instalarte de inme‚Ä¶ https://t.co/VYFG5U0doL
2021-08-21 05:52:55|hbo max poniendose la diez https://t.co/jRu6xmmUaK
2021-08-21 05:48:47|RT @HBOMaxLA: ¬°Equipo, lleg√≥ la hora! Ya est√° disponible en HBO Max ‚ÄúSpace Jam: Una Nueva Era‚Äù
2021-08-21 05:48:37|@EmmaTViger03 @izzi_mx ¬°Hola !, @EmmaTViger03 yo puedo ayudarte, en #Infinitum podemos instalarte de inmediato. Ade‚Ä¶ https://t.co/QNWKW5T1rO
2021-08-21 05:46:01|@tntsportsmex tengo HBO MAX, pero no tengo tntsports
2021-08-21 05:45:47|"RT @CineversoASN: ¬°OJO! Misha Green anuncia oficialmente la pel√≠cula de BLACK CANARY de DC para HBO Max.

En el mensaje podr√≠a avanzar la p‚Ä¶"
2021-08-21 05:45:27|"RT @DCEUMX: Cines:
The Batman
Black Adam
The Flash
Aquaman 2
Shazam

HBO Max:
Peacemaker
Batgirl
Blue Bleete
Black Canary
Justice League Da‚Ä¶"
2021-08-21 05:45:01|El realizador a√∫n contin√∫a inc√≥modo por el estreno h√≠brido en cines y HBO Max para su nueva pel√≠cula. https://t.co/DJjRMSXiYC
2021-08-21 05:44:44|"RT @RedLegacyVol2: ¬°Tendremos pel√≠cula de #BlackCanary para HBO Max!

Jurnee Smollett ('Birds Of Prey') retomar√° su papel como Dinah Lance‚Ä¶"
2021-08-21 05:43:21|@HBOMaxLA No funciona HBO MAX en mi SMART TV. Creo que necesitan que pongamos... https://t.co/DYxjjuU8au
2021-08-21 05:40:03|RT @YoleocomicsESP: HBO MAX est√° que ARDE con DC! üî•üî•üî•üî•üî•
2021-08-21 05:37:42|"RT @DCEUMX: Cines:
The Batman
Black Adam
The Flash
Aquaman 2
Shazam

HBO Max:
Peacemaker
Batgirl
Blue Bleete
Black Canary
Justice League Da‚Ä¶"
2021-08-21 05:37:19|@nemos14 @ayudaizzi @greciassv__ ¬°Hola !, @nemos14 yo puedo ayudarte, en #Infinitum podemos instalarte de inmediato‚Ä¶ https://t.co/RpkAPMS9bN
2021-08-21 05:35:58|Con HBO GO apenas logr√© ver par de pel√≠culas, ahora con HBO Max apenas veo Prime o Netflix.
2021-08-21 05:35:44|El rey en vivo en el estadio de los NY Giants. Gracias HBO Max. https://t.co/P15OSbNrEP
2021-08-21 05:35:31|"RT @De10mx: #Series üì∫ü•∞üëå Mayim Bialik deja atr√°s al personaje de ""Amy Farrah Fowler"", para dar vida a ""Kat"" üëá https://t.co/Z8T2JeG12i"
2021-08-21 05:35:03|falta Netflix y voy a tener hbo max, disney plus y Netflix a la vez ü§©
2021-08-21 05:34:55|@DanMaltrana @ayudaizzi ¬°Hola !, @DanMaltrana yo puedo ayudarte, en #Infinitum podemos instalarte de inmediato. Ade‚Ä¶ https://t.co/qhGJg1QKLX
2021-08-21 05:34:52|RT @HBOMaxLA: ¬°Equipo, lleg√≥ la hora! Ya est√° disponible en HBO Max ‚ÄúSpace Jam: Una Nueva Era‚Äù
2021-08-21 05:34:24|@songodaniel AEW deber√≠a ya pasar sus programas en tntsports aqu√≠, hbo m√°x √≥ space qu√© se yo pero todo el producto‚Ä¶ https://t.co/XTHp0dTj6q
2021-08-21 05:33:47|@fotogarrido @IFT_MX @Megacable @Megacable_Ver Tengo el basico internet y tel no pedi mas y pago 1069 yo estoy apun‚Ä¶ https://t.co/b0YsSnHBQX
2021-08-21 05:33:22|"RT @ContraGodarria: Joyas todas.

Bendito HBO Max. Para que se las vean. https://t.co/wb7ibubu2g"
2021-08-21 05:31:58|RT @berlich: HBO max est√° anunciando que va a subir House. Ni niego ni confirmo que la ver√© por 300ava vez.
2021-08-21 05:31:53|Pagando Netflix, Disney+, Prime Video, HBO max y Youtube premium y resulta que lo que quiero ver est√° en Paramount üòë
2021-08-21 05:31:35|CARALHO LABIRINTO NO HBO MAX https://t.co/xBda8Dwoiv
2021-08-21 05:29:19|@Be__Pech @IrvFloyd_ @AaronGordillo01 @FerfitoLara @izzi_mx @totalplaymx @ayudaizzi ¬°Hola !, @Be__Pech yo puedo ayu‚Ä¶ https://t.co/3iS0Wny19v
2021-08-21 05:27:32|"RT @goonielor: ¬°VAYA CIFRAS! üéûÔ∏èüí•

En tan solo diez d√≠as, #TheSuicideSquad se ha visto en 4 millones de hogares a trav√©s de HBO Max.

¬°De ho‚Ä¶"
2021-08-21 05:26:47|HBO Max subir√° toda la colecci√≥n de Barbie ü•≥
2021-08-21 05:26:27|Dia 7 sin superar el final de #Evangelion, pues ya una semana y la pelicula es de las mas vistas de HBO Max la neta‚Ä¶ https://t.co/Fyx1PrO6yO
2021-08-21 05:23:41|@AmazonHelp No tienen disponible para descargar HBO Max en el fire stick üò≠
2021-08-21 05:23:12|@Alexis_Vaquero Nooo s√≥lo HBO Max ü•¥
2021-08-21 05:22:16|RT @berlich: HBO max est√° anunciando que va a subir House. Ni niego ni confirmo que la ver√© por 300ava vez.
2021-08-21 05:22:13|HBO Max prepara una cinta derivada de ¬´Birds of Prey¬ª con Jurnee Smollett  https://t.co/rcdBkl7Iwg
2021-08-21 05:22:05|"Hbo max agreg√≥ ""la vaca y el pollito"" AAAAAAAAAAAAAAAAAAAAAAAAAAAAAAAAAAAHHHHH HBOMAX AGREG√ì LA VACA Y EL POLLITOOO‚Ä¶ https://t.co/BcUMapGrKX"
2021-08-21 05:21:57|"RT @DCEUMX: Cines:
The Batman
Black Adam
The Flash
Aquaman 2
Shazam

HBO Max:
Peacemaker
Batgirl
Blue Bleete
Black Canary
Justice League Da‚Ä¶"
2021-08-21 05:20:57|queria ter hbo max
2021-08-21 05:16:41|"RT @DCEUMX: Cines:
The Batman
Black Adam
The Flash
Aquaman 2
Shazam

HBO Max:
Peacemaker
Batgirl
Blue Bleete
Black Canary
Justice League Da‚Ä¶"
2021-08-21 05:15:58|RT @Chimbaronguense: Space Jam 2 no es m√°s que un largo paseo por todo el cat√°logo de pel√≠culas y series que podr√°s encontrar en HBO Max, n‚Ä¶
2021-08-21 05:15:56|Amo HBO max üíïüíïüíï
2021-08-21 05:15:33|@m4rtinc4stro @izzi_mx ¬°Hola !, @m4rtinc4stro yo puedo ayudarte, en #Infinitum podemos instalarte de inmediato. Ade‚Ä¶ https://t.co/oKw2puCli5
2021-08-21 05:15:13|@SkyknightLCG Es notorio que quieren fortalecer subscripciones de HBO MAX en latam, a largo plazo les conviene mas,‚Ä¶ https://t.co/Bu0KDy5CGi
2021-08-21 05:11:11|Gracias HBO MAX por toda la diversi√≥n que ahora me ofreces y que Netflix ya no me da. Los tiempos cambian.
2021-08-21 05:10:51|"RT @ATTMx: Ahora puedes elegir HBO Max dentro de tu plan ""√Årmalo"". Te invitamos a leer esta nota de @ExpansionMx para que conozcas c√≥mo hac‚Ä¶"
2021-08-21 05:09:37|@itsjhcastillo @ayudaizzi ¬°Hola !, @itsjhcastillo yo puedo ayudarte, en #Infinitum podemos instalarte de inmediato.‚Ä¶ https://t.co/YGCTTyyxKE
2021-08-21 05:06:07|"RT @TVLaint: HBO Max Latinoam√©rica a√±ade Ballmastrz: 9009 a su cat√°logo
https://t.co/3cYO1guPtr https://t.co/G6aL4slyse"
2021-08-21 05:05:43|"RT @ClubDCSpain: üö® OFICIAL | Una pel√≠cula de BLACK CANARY est√° en desarrollo para HBO Max con Jurnee Smollett reinterpretando al personaje.‚Ä¶"
2021-08-21 05:05:14|Ya pueden ver toda la primera temporada de Superman &amp; Lois en HBO Max https://t.co/frnTfzqEKn https://t.co/hdfSweNmaU
2021-08-21 05:05:04|@mvivic_ Dir√≠a que Disney+ por NatGeo y los que pueda traer Star+, Prime Video tiene alg√∫n par buenos, ni idea en N‚Ä¶ https://t.co/3tzdtPUaSk
2021-08-21 05:04:24|Los subt√≠tulos se siguen de HBO Max se siguen pavoneando por la pantalla en la aplicaci√≥n de Roku. üòï
2021-08-21 05:02:39|"RT @JisooParkM: Tengo Netflix, HBO M√°x, Amazon Prime y no veo nada

Recomienden pel√≠culas o series
De acci√≥n m√°s que nada
Gracias

PINKS TH‚Ä¶"
2021-08-21 05:00:36|"RT @DCEUMX: Cines:
The Batman
Black Adam
The Flash
Aquaman 2
Shazam

HBO Max:
Peacemaker
Batgirl
Blue Bleete
Black Canary
Justice League Da‚Ä¶"
2021-08-21 05:00:35|"RT @Dayronchris: En dos v√≠deos de Youtube que v√≠ mencionaron ""Cinema Paradiso"" como una de sus  pel√≠culas favoritas. Lo bueno qu√© est√° en H‚Ä¶"
2021-08-21 04:59:55|Space Jam 2: Pepe Le Pew no aparece en la pel√≠cula A New Legacy, conoce los motivos https://t.co/zx7Yvtgi2f
2021-08-21 04:59:32|"RT @DCEUMX: Cines:
The Batman
Black Adam
The Flash
Aquaman 2
Shazam

HBO Max:
Peacemaker
Batgirl
Blue Bleete
Black Canary
Justice League Da‚Ä¶"
2021-08-21 04:59:11|Acabo de ver la parte del tr√°iler de space jam para HBO max (que por cierto, HBO carita enojada) en la que el gato‚Ä¶ https://t.co/jOKwEprXnI
2021-08-21 04:57:55|"RT @DCEUMX: Cines:
The Batman
Black Adam
The Flash
Aquaman 2
Shazam

HBO Max:
Peacemaker
Batgirl
Blue Bleete
Black Canary
Justice League Da‚Ä¶"
2021-08-21 04:56:06|Alguien me quiere regalar una subscripci√≥n de HBO Max? :)
2021-08-21 04:55:52|"RT @DCEUMX: Cines:
The Batman
Black Adam
The Flash
Aquaman 2
Shazam

HBO Max:
Peacemaker
Batgirl
Blue Bleete
Black Canary
Justice League Da‚Ä¶"
2021-08-21 04:55:49|"RT @DCEUMX: Cines:
The Batman
Black Adam
The Flash
Aquaman 2
Shazam

HBO Max:
Peacemaker
Batgirl
Blue Bleete
Black Canary
Justice League Da‚Ä¶"
2021-08-21 04:55:10|@ch_arly97 @ayudaizzi ¬°Hola !, @ch_arly97 yo puedo ayudarte, en #Infinitum podemos instalarte de inmediato. Adem√°s‚Ä¶ https://t.co/wmUkxvf3su
2021-08-21 04:54:38|RT @Chimbaronguense: Space Jam 2 no es m√°s que un largo paseo por todo el cat√°logo de pel√≠culas y series que podr√°s encontrar en HBO Max, n‚Ä¶
2021-08-21 04:54:29|RT @Jakylo_k: Confirmen si todos andamos viendo HBO Max ahorita üòÅ
2021-08-21 04:53:44|@ContraGodarria Y los cl√°sicos de MGM, mucho cat√°logo el de HBO max
2021-08-21 04:52:58|No puedo estar m√°s enamorado de hbo max es la mejor app en la actualidad de Sudam√©ricaü•∫ @HBOMaxLA https://t.co/H8KiEiHXRe
2021-08-21 04:52:29|HBO Max te amo s√≥lo porque puedo hacer marat√≥n de Harry Potter cuando quiera üíñ
2021-08-21 04:50:52|@SamPerezColin @izzi_mx ¬°Hola !, @SamPerezColin yo puedo ayudarte, en #Infinitum podemos instalarte de inmediato. A‚Ä¶ https://t.co/c49L3BRVeQ
2021-08-21 04:50:06|pusieron una peli de BNHA en HBO Max üòÇ
2021-08-21 04:49:46|RT @HBOMaxLA: ¬°Equipo, lleg√≥ la hora! Ya est√° disponible en HBO Max ‚ÄúSpace Jam: Una Nueva Era‚Äù
2021-08-21 04:49:32|@Patto_Animacion @HBOMaxLA Cuando las quiten de Netflix ya las pondr√°n en HBO Max
2021-08-21 04:49:02|"RT @DCEUMX: Cines:
The Batman
Black Adam
The Flash
Aquaman 2
Shazam

HBO Max:
Peacemaker
Batgirl
Blue Bleete
Black Canary
Justice League Da‚Ä¶"
2021-08-21 04:48:12|¬øAlguien m√°s tiene problemas con la app de HBO MAX?
2021-08-21 04:48:04|@StphVrl @izzi_mx ¬°Hola !, @StphVrl yo puedo ayudarte, en #Infinitum podemos instalarte de inmediato. Adem√°s si tra‚Ä¶ https://t.co/T5QpXeSNbm
2021-08-21 04:47:14|RT @HBOMaxLA: Invitamos a Manu Ginobili al Tune Squad, ¬øaceptar√° unirse? ¬°Space Jam: Una nueva era ya est√° disponible en HBO Max!
2021-08-21 04:47:08|"RT @DCEUMX: Cines:
The Batman
Black Adam
The Flash
Aquaman 2
Shazam

HBO Max:
Peacemaker
Batgirl
Blue Bleete
Black Canary
Justice League Da‚Ä¶"
2021-08-21 04:46:33|"RT @JisooParkM: Tengo Netflix, HBO M√°x, Amazon Prime y no veo nada

Recomienden pel√≠culas o series
De acci√≥n m√°s que nada
Gracias

PINKS TH‚Ä¶"
2021-08-21 04:45:06|"RT @LeyendasMDC: Collider confirma la noticia de la pel√≠cula para HBO Max de Canario Negro.

 https://t.co/p5l598pt5K"
2021-08-21 04:45:00|"#Series üì∫ü•∞üëå Mayim Bialik deja atr√°s al personaje de ""Amy Farrah Fowler"", para dar vida a ""Kat"" üëá https://t.co/Z8T2JeG12i"
2021-08-21 04:44:33|RT @peru21noticias: Conoce por qu√© motivo Pepe Le Pew no aparece en Space Jam 2 A New Legacy https://t.co/PZRy3TuL2J
2021-08-21 04:44:32|"El exbasquetbolista particip√≥ en la promoci√≥n de la pel√≠cula para HBO Max en sudam√©rica
#ManuGin√°bili #SpaceJam
https://t.co/qeveFM4qax"
2021-08-21 04:44:07|@claif9 Hbo max me ha sorprendido para bien.
2021-08-21 04:42:11|@AndresM44012645 @HBOMaxLA Hay buenas cosas en HBO Max, te recomendar√≠a que tuvieras ambas plataformas.
2021-08-21 04:40:56|"@Yerald0u Yo la tengo por HBO Max

Pero de ir al cine y gastar en un boleto no creo que lo valga xd"
2021-08-21 04:40:42|"RT @ContraGodarria: Joyas todas.

Bendito HBO Max. Para que se las vean. https://t.co/wb7ibubu2g"
2021-08-21 04:40:12|"RT @DCEUMX: Cines:
The Batman
Black Adam
The Flash
Aquaman 2
Shazam

HBO Max:
Peacemaker
Batgirl
Blue Bleete
Black Canary
Justice League Da‚Ä¶"
2021-08-21 04:39:01|RT @Chimbaronguense: Space Jam 2 no es m√°s que un largo paseo por todo el cat√°logo de pel√≠culas y series que podr√°s encontrar en HBO Max, n‚Ä¶
2021-08-21 04:37:57|Space Jam 2 no es m√°s que un largo paseo por todo el cat√°logo de pel√≠culas y series que podr√°s encontrar en HBO Max‚Ä¶ https://t.co/NkVria4LWG
2021-08-21 04:37:43|"RT @DCEUMX: Cines:
The Batman
Black Adam
The Flash
Aquaman 2
Shazam

HBO Max:
Peacemaker
Batgirl
Blue Bleete
Black Canary
Justice League Da‚Ä¶"
2021-08-21 04:37:25|Space Jam: Un Nuevo Legado es una manera muy extra√±a de HBO Max de advertirte que su app es una mierda
2021-08-21 04:37:03|Acaban de subir los chicos del barrio a hbo max üò≠ Olv√≠dense de mi, no saldr√© de casa en meses.
2021-08-21 04:37:00|"RT @ContraGodarria: Joyas todas.

Bendito HBO Max. Para que se las vean. https://t.co/wb7ibubu2g"
2021-08-21 04:34:57|"Hab√≠a olvidado lo bonito que es ver una adaptaci√≥n al cine de un libro que te gust√≥ en su momento. 

Wow, de ver√°s‚Ä¶ https://t.co/lQeYbBdTUg"
2021-08-21 04:34:38|"Y ahora en Ac√° s√≠ que no coge nadie proyectaremos: ""No Sudden Move"" del amigo Soderbergh v√≠a HBO Max."
2021-08-21 04:34:10|"Tengo Netflix, HBO M√°x, Amazon Prime y no veo nada

Recomienden pel√≠culas o series
De acci√≥n m√°s que nada
Gracias‚Ä¶ https://t.co/H9C0KHx3a7"
2021-08-21 04:34:07|"HBO Max , a las primeras 5 personas que me sigan en Instagram , me escriben al dm
https://t.co/zpgCQ7kFU7 https://t.co/HLqOMc4HAe"
2021-08-21 04:29:50|"RT @ContraGodarria: Joyas todas.

Bendito HBO Max. Para que se las vean. https://t.co/wb7ibubu2g"
2021-08-21 04:29:00|"WAIT WAIT HOLD UP!
Ahora si ya est√° todo Sharp Objects en idioma original en HBO Max?! Ahhhhh no, es tiempo de volv‚Ä¶ https://t.co/OPqtabHJbO"
2021-08-21 04:28:18|"vamos hbo max
benito decimo pero ahora todos son piratas espaciales y quieren encontrar primus"
2021-08-21 04:28:12|Hasta los huevos de la aplicaci√≥n de HBO Max
2021-08-21 04:28:04|"RT @ContraGodarria: Joyas todas.

Bendito HBO Max. Para que se las vean. https://t.co/wb7ibubu2g"
2021-08-21 05:53:42|Un grande Friday Night Funkin regresa a jugar GD... Hace un chingo de tiempo que no lo juego y pos por eso me termi‚Ä¶ https://t.co/keYGzfy3rZ
2021-08-21 05:51:17|@__rachm13 Ya dec√≠a yo que no pod√≠a ser la √∫nica que start up no le parec√≠a tan buena
2021-08-21 05:46:49|"Cr√©eme que estos Productos de #belleza se convertir√°n en tus #favoritos!
üòçüòçüòçüòç Unete a mi lista de clientes admirabl‚Ä¶ https://t.co/4nuhZRdc7V"
2021-08-21 05:42:51|RT @AvilMac: @nydiacervera @mtz_tt @nora_nap @CasLaaU @Gllgina1Gina @duky1107 @PipianMx @Negra_start @akyoshi09 @DaliaMRocha @lasaguis @Fro‚Ä¶
2021-08-21 05:38:34|"Sparks, Adam Driver, Marion Cotillard - So May We Start | From ""Annette""... https://t.co/adFgCoQc8I -- Voy a tener‚Ä¶ https://t.co/BuHL0raNpp"
2021-08-21 05:35:14|RT @fanfantasma1: Lo √∫nico que me preocupa es c√≥mo chingados le vamos a hacer el siguiente a√±o para terminar con m√≠nimo 15M de votos? si, e‚Ä¶
2021-08-21 05:31:37|"RT @GulfClub_Latam: ¬°Empecemos la tendencia!
------
Let's start trending!

#TBmonogram"
2021-08-21 05:30:28|RT @Dinogress: Yo siempre me voy a burlar de ese fandom, porque nunca se me va a olvidar como nos dec√≠an, burlaban y humillaban en las pre‚Ä¶
2021-08-21 05:24:58|Feliz de haber tenido ya 2 consultor√≠as en marketing a dos start up üò∏üòéüîù
2021-08-21 05:20:56|"RT @GulfClub_Latam: ¬°Empecemos la tendencia!
------
Let's start trending!

#TBmonogram"
2021-08-21 05:20:03|"RT @GulfClub_Latam: ¬°Empecemos la tendencia!
------
Let's start trending!

#TBmonogram"
2021-08-21 05:19:23|"RT @Gravity_uwu: ‚ú®¬°Tambi√©n, empezare a hacer comisiones en general!
‚ú®I'll also start doing commissions in general!
‚Ä¢
‚Ä¢
‚Ä¢
‚Ä¢
#drawing #comiss‚Ä¶"
2021-08-21 05:17:17|"RT @Gravity_uwu: ‚ú®¬°Tambi√©n, empezare a hacer comisiones en general!
‚ú®I'll also start doing commissions in general!
‚Ä¢
‚Ä¢
‚Ä¢
‚Ä¢
#drawing #comiss‚Ä¶"
2021-08-21 05:14:44|"RT @GulfClub_Latam: ¬°Empecemos la tendencia!
------
Let's start trending!

#TBmonogram"
2021-08-21 05:14:02|"RT @GulfClub_Latam: ¬°Empecemos la tendencia!
------
Let's start trending!

#TBmonogram"
2021-08-21 05:13:55|"RT @GulfClub_Latam: ¬°Empecemos la tendencia!
------
Let's start trending!

#TBmonogram"
2021-08-21 05:11:24|"RT @GulfClub_Latam: ¬°Empecemos la tendencia!
------
Let's start trending!

#TBmonogram"
2021-08-21 05:11:24|"RT @GulfClub_Latam: ¬°Empecemos la tendencia!
------
Let's start trending!

#TBmonogram"
2021-08-21 05:11:18|"RT @GulfClub_Latam: ¬°Empecemos la tendencia!
------
Let's start trending!

#TBmonogram"
2021-08-21 05:10:39|"RT @GulfClub_Latam: ¬°Empecemos la tendencia!
------
Let's start trending!

#TBmonogram"
2021-08-21 05:09:56|As√≠ se ve la perfecci√≥n https://t.co/frCpydXhDu
2021-08-21 05:08:43|RT @marcelomena: https://t.co/0IvvqlHMRi Bater√≠as de aire y hierro podr√≠an almacenar energ√≠a por d√≠as, o semanas. Si funciona acelerar√° una‚Ä¶
2021-08-21 05:08:03|"RT @GulfClub_Latam: ¬°Empecemos la tendencia!
------
Let's start trending!

#TBmonogram"
2021-08-21 05:05:56|RT @ikigaiplay: Hola majetes os hemos escuchado y ahora hay nuevas recompensas. Ahora si, necesitamos un buen empujon. RT y mucho amor a es‚Ä¶
2021-08-21 05:05:35|"RT @GulfClub_Latam: ¬°Empecemos la tendencia!
------
Let's start trending!

#TBmonogram"
2021-08-21 05:05:21|"RT @GulfClub_Latam: ¬°Empecemos la tendencia!
------
Let's start trending!

#TBmonogram"
2021-08-21 05:05:20|"RT @GulfClub_Latam: ¬°Empecemos la tendencia!
------
Let's start trending!

#TBmonogram"
2021-08-21 05:04:39|"RT @GulfClub_Latam: ¬°Empecemos la tendencia!
------
Let's start trending!

#TBmonogram"
2021-08-21 05:04:14|"RT @cacheveraress: Uy, ya puedo ver esos 12 millones
#KCAMexico #JoaquinBondoni https://t.co/5qV7ZpqoTk"
2021-08-21 05:04:06|"RT @GulfClub_Latam: ¬°Empecemos la tendencia!
------
Let's start trending!

#TBmonogram"
2021-08-21 05:03:47|"RT @GulfClub_Latam: ¬°Empecemos la tendencia!
------
Let's start trending!

#TBmonogram"
2021-08-21 05:02:59|"RT @GulfClub_Latam: ¬°Empecemos la tendencia!
------
Let's start trending!

#TBmonogram"
2021-08-21 05:02:40|"RT @GulfClub_Latam: ¬°Empecemos la tendencia!
------
Let's start trending!

#TBmonogram"
2021-08-21 05:02:29|"RT @GulfClub_Latam: ¬°Empecemos la tendencia!
------
Let's start trending!

#TBmonogram"
2021-08-21 05:01:56|"RT @GulfClub_Latam: ¬°Empecemos la tendencia!
------
Let's start trending!

#TBmonogram"
2021-08-21 05:01:50|"RT @GulfClub_Latam: ¬°Empecemos la tendencia!
------
Let's start trending!

#TBmonogram"
2021-08-21 05:01:35|"RT @GulfClub_Latam: ¬°Empecemos la tendencia!
------
Let's start trending!

#TBmonogram"
2021-08-21 05:01:31|"RT @GulfClub_Latam: ¬°Empecemos la tendencia!
------
Let's start trending!

#TBmonogram"
2021-08-21 05:01:00|"RT @GulfClub_Latam: ¬°Empecemos la tendencia!
------
Let's start trending!

#TBmonogram"
2021-08-21 05:00:44|@kbelenp_ para algo considerarse perfecto tiene que tener su rostro
2021-08-21 05:00:29|"¬°Empecemos la tendencia!
------
Let's start trending!

#TBmonogram"
2021-08-21 05:00:10|"start by loving you üí´
.
.
.
.
.
.
.
.
.
.
.
#picoftheday #photography #photoshoot #notfilter #art #artist #instaart‚Ä¶ https://t.co/LGEd3aijju"
2021-08-21 04:59:22|RT @donfelixSPM: Deligne Ascensi√≥n gasta 17 millones en Rendici√≥n de Cuentas, mientras muere se√±ora por falta puente https://t.co/607g4jMyz‚Ä¶
2021-08-21 04:57:22|Ima start overthinking, Mejor me duermo üòÇ
2021-08-21 04:49:02|@SharieUwu *M√∫sica del menu de halo 3 start*
2021-08-21 04:43:28|"6. Pues depende 

Extranjera me gusta mucho Supernatural y Grey's anatomy :D

K-dramas :Pucha me gustan muchos pero‚Ä¶ https://t.co/38EwQX4q52"
2021-08-21 04:37:46|"RT @JoacoVotes: RT = VOTO 

#KCAMexico #JoaquinBondoni  #BiaUnMundoAlReves #JulioPe√±a #Morat  #YoloAventuras #Yoloriana #AventurerosSquad"
2021-08-21 04:37:39|"RT @JoacoUpdates: üì¢|Spacers 

Vamos a realizar metas personales cada uno, los que quieran apoyar para llegar lo m√°s pronto posible a los 12‚Ä¶"
2021-08-21 04:31:08|RT @UNAM_MX: #UnD√≠aComoHoy de 1948 naci√≥ @RobertPlant üé§, vocalista de Led Zeppelin. Junto con la banda, en 1995, ingres√≥ al Sal√≥n de la Fam‚Ä¶
2021-08-21 04:28:54|@raj_nameis @BajpayeeManoj Delete chesthava action start cheyyamantava üëç
2021-08-21 04:27:55|"RT @gressxcs: Joaquin ve preparando tu outfit que ese premio es tuyo. 

#KCAMexico #JoaquinBondoni #JulioPe√±a #BiaUnMundoAlReves"
2021-08-21 04:27:52|"RT @karolxgress: Amamos Joaqu√≠n fashion Icon üîù

#KCAMexico¬†Ôøº #JoaquinBondoni https://t.co/cuMLDE7FnV"
2021-08-21 04:27:48|@KassirMary @chambersatyork @shahebags I think Miguel de Cervantes put it best: ‚ÄúLa ventura va guiando nuestras cos‚Ä¶ https://t.co/mFVsCigf6g
2021-08-21 04:27:47|"RT @joacoftdennis: Joaqu√≠n Fashion Icon 
#KCAMexico #JoaquinBondoni  #BiaUnMundoAlReves #JulioPe√±a #Morat  #YoloAventuras #Yoloriana #Avent‚Ä¶"
2021-08-21 04:27:43|"RT @solergress: miren esos votos para el fashion icon 

#KCAMexico #JoaquinBondoni https://t.co/Y1dbUxTRoJ"
2021-08-21 04:27:03|RT @lucsgress: Joaqu√≠n no pide absolutamente nada m√°s, que nuestro bienestar como personas pero nosotros queremos darle el mundo siendo un‚Ä¶
2021-08-21 04:26:58|"RT @mirandxgrss: Rt a Joaqu√≠n con cabello corto ü•∫

#KCAMexico #JoaquinBondoni #JulioPe√±a #BiaUnMundoAlReves #YoloAventuras 
[@JoaquinBondon‚Ä¶"
2021-08-21 04:26:53|RT @feelingress: JOAQU√çN TE AMO TANTO QUW HAR√çA CUALQUIER COSA POR TI ERES LO M√ÅS LINDO QUE EXISTE TE AMO CON TODA MI ALMA ERES EL MEJOR FA‚Ä¶
2021-08-21 04:26:50|"RT @karolxgress: Vamos por los 12 millones hermanessss 

#KCAMexico¬†Ôøº #JoaquinBondoni https://t.co/GyMlFA0pDU"
2021-08-21 04:26:40|"RT @astrcwv: Espacialas d√≥nde les pongo su altar?
Rt   #KCAMexico #JoaquinBondoni"
2021-08-21 04:26:39|"RT @forkicksblog: Andr√©s Guardado vs. C√°diz 

Minutes: 82 
Touches: 86
Passing: 77/82 (94%)
Key Passes: 1
Long Balls: 6/8 (75%)

Solid firs‚Ä¶"
2021-08-21 04:26:32|"RT @blackgrees: Astronautas si no votan en la p√°gina les pego
#KCAMexico #JoaquinBondoni   ( @Joaquinbondoni ) https://t.co/JAqNCXktvm"
2021-08-21 04:25:57|"RT @LaRadioEstilo: Ma√±ana ser√° Otro D√≠a. Feliz Inicio del Fin de Semana. Aprovechando para Descansar lo que se pueda.

Tomorrow will be Ano‚Ä¶"
2021-08-21 04:25:52|"Y los 12 millones pa cu√°ndo astronauticas ? 

#KCAMexico #JoaquinBondoni
#MacarenaGarcia #KarolSevilla‚Ä¶ https://t.co/GRsb35bUB5"
2021-08-21 04:25:22|@Amauryn29 Burning Bright Start guardi√°n ,gusto culposo xd
2021-08-21 04:22:10|"RT @MarianaxSweetie: @famoversus Rt por Joaqu√≠n 

#KCAMexico #JoaquinBondoni #MacarenaGarcia #KarolSevilla #BiaUnMundoAlReves #JulioPe√±a #M‚Ä¶"
2021-08-21 04:21:47|"RT @luc4sgress: @famoversus Rt =1 voto 
#KCAMexico #JoaquinBondoni  #BiaUnMundoAlReves #JulioPe√±a  #YoloAventuras #Yoloriana #AventurerosSq‚Ä¶"
2021-08-21 04:21:38|"RT @Andriud7: @famoversus RT UN VOTO

#KCAMexico #JoaquinBondoni #MacarenaGarcia #KarolSevilla #BiaUnMundoAlReves #JulioPe√±a #Morat #AuronP‚Ä¶"
2021-08-21 04:21:36|"RT @Andriud7: @famoversus RT POR JOAQUIN 

#KCAMexico #JoaquinBondoni #MacarenaGarcia #KarolSevilla #BiaUnMundoAlReves #JulioPe√±a #Morat #A‚Ä¶"
2021-08-21 04:20:28|"RT @Adhi_mv: @famoversus Ya casi los 9M
Son grandioses

#KCAMexico #JoaquinBondoni #MacarenaGarcia #KarolSevilla #BiaUnMundoAlReves #JulioP‚Ä¶"
2021-08-21 04:19:53|"RT @Andriud7: @famoversus RT UN VOTO

#KCAMexico #JoaquinBondoni #MacarenaGarcia #KarolSevilla #BiaUnMundoAlReves #JulioPe√±a #Morat #AuronP‚Ä¶"
2021-08-21 04:19:48|"RT @gabs_archila: @famoversus RT : Un voto 

#KCAMexico #JoaquinBondoni #MacarenaGarcia #KarolSevilla #BiaUnMundoAlReves #JulioPe√±a #Morat‚Ä¶"
2021-08-21 04:19:44|"RT @Andriud7: @famoversus RT POR AURON

#KCAMexico #JoaquinBondoni #MacarenaGarcia #KarolSevilla #BiaUnMundoAlReves #JulioPe√±a #Morat #Auro‚Ä¶"
2021-08-21 04:19:06|disculpen la demora, start!!!! https://t.co/b1qKV7wwsQ
2021-08-21 04:18:09|Entonces @EdeesteRD me va dar una compensaci√≥n por el apagaon de 5 horas y contando. Donde mi factura est√° al d√≠a y‚Ä¶ https://t.co/vf3X5c9PK1
2021-08-21 04:17:50|"RT @MarianaxSweetie: @famoversus ESOO Rt = 1 voto

#KCAMexico #JoaquinBondoni #MacarenaGarcia #KarolSevilla #BiaUnMundoAlReves #JulioPe√±a #‚Ä¶"
2021-08-21 04:17:14|"RT @aventurerosstar: @famoversus RT x Yolo Aventuras &lt;3
#KCAMexico #YoloAventuras #Yoloriana #Aventureros #AventurerosSquad #JoaquinBondoni‚Ä¶"
2021-08-21 04:17:11|RT @Andreaaventurer: @famoversus Yolo aventuras üòÅ#KCAMexico #JoaquinBondoni #MacarenaGarcia #KarolSevilla #BiaUnMundoAlReves #JulioPe√±a #Mo‚Ä¶
2021-08-21 04:17:09|"RT @gabs_archila: @famoversus RT : Un voto 

#KCAMexico #JoaquinBondoni #MacarenaGarcia #KarolSevilla #BiaUnMundoAlReves #JulioPe√±a #Morat‚Ä¶"
2021-08-21 04:17:05|"RT @Andriud7: @famoversus RT UN VOTO
#KCAMexico #JoaquinBondoni #MacarenaGarcia #KarolSevilla #BiaUnMundoAlReves #JulioPe√±a #Morat #AuronPl‚Ä¶"
2021-08-21 04:17:00|RT @SYolo_Aventuras: @famoversus Rt x Yolo Aventuras  #KCAMexico #JoaquinBondoni #MacarenaGarcia #KarolSevilla #BiaUnMundoAlReves #JulioPe√±‚Ä¶
2021-08-21 04:16:58|"RT @Andriud7: @famoversus RT POR YOLO AVENTURAS üòé

#KCAMexico #JoaquinBondoni #MacarenaGarcia #KarolSevilla #BiaUnMundoAlReves #JulioPe√±a #‚Ä¶"
2021-08-21 04:16:46|RT @pieceofdreamm: mis expectativas son altas por culpa de start up nam do san te lloro todos los d√≠as
2021-08-21 04:16:45|@greessmar Pero JAJAJA
2021-08-21 04:14:48|"RT @Andriud7: @famoversus RT UN VOTO

#KCAMexico #JoaquinBondoni #MacarenaGarcia #KarolSevilla #BiaUnMundoAlReves #JulioPe√±a #Morat #AuronP‚Ä¶"
2021-08-21 04:14:43|"RT @MoratxSeb: @famoversus MORAT AC√Å
#KCAMexico #Morat #SusanaCala #JoaquinBondoni #KarolSevilla #BiaUnMundoAlReves #JulioPe√±a #AuronPlay #‚Ä¶"
2021-08-21 04:14:10|@AP_Noticias La masacre, the purging will  start. Esto no es una guerra civil. Taliban es un grupo terrorista y se‚Ä¶ https://t.co/KEGhB1Ynxf
2021-08-21 04:11:46|"RT @karolrugge_love: @famoversus 2 Millones de ventajaaa

#KCAMexico #KarolSevilla #Morat #JulioPe√±a #JoaquinBondoni
#JimenaJimenez #BiaUnM‚Ä¶"
2021-08-21 04:11:42|RT @SYolo_Aventuras: @famoversus Rt x Karol  #KCAMexico #JoaquinBondoni #MacarenaGarcia #KarolSevilla #BiaUnMundoAlReves #JulioPe√±a #Morat‚Ä¶
2021-08-21 04:11:42|"RT @Andriud7: @famoversus RT UN VOTO

#KCAMexico #JoaquinBondoni #MacarenaGarcia #KarolSevilla #BiaUnMundoAlReves #JulioPe√±a #Morat #AuronP‚Ä¶"
2021-08-21 04:11:35|"RT @Andriud7: @famoversus RT POR KAROL

#KCAMexico #JoaquinBondoni #MacarenaGarcia #KarolSevilla #BiaUnMundoAlReves #JulioPe√±a #Morat #Auro‚Ä¶"
2021-08-21 04:11:29|"RT @Karolx_KS: @famoversus RT POR KAROL

#KCAMexico #KarolSevilla #Morat #JulioPe√±a #JoaquinBondoni #BiaUnMundoAlReves #YoloAventuras #Aven‚Ä¶"
2021-08-21 04:11:26|"RT @MoratxSeb: @famoversus Vamos Karol
#KCAMexico #Morat #SusanaCala #JoaquinBondoni #KarolSevilla #BiaUnMundoAlReves #JulioPe√±a #AuronPlay‚Ä¶"
2021-08-21 04:11:23|"RT @MoratxSeb: @famoversus Rt por Karol
#KCAMexico #Morat #SusanaCala #JoaquinBondoni #KarolSevilla #BiaUnMundoAlReves #JulioPe√±a #AuronPla‚Ä¶"
2021-08-21 04:11:21|"RT @MarianaxSweetie: @famoversus Rt por Karol

#KCAMexico #JoaquinBondoni #MacarenaGarcia #KarolSevilla #BiaUnMundoAlReves #JulioPe√±a #Mora‚Ä¶"
2021-08-21 04:10:00|"RT @Andriud7: @famoversus RT POR BIA 

#KCAMexico #JoaquinBondoni #MacarenaGarcia #KarolSevilla #BiaUnMundoAlReves #JulioPe√±a #Morat #Auron‚Ä¶"
2021-08-21 04:09:58|"RT @luc4sgress: @famoversus As√≠ se sube ventaja Rt =1 voto 
#KCAMexico #JoaquinBondoni  #BiaUnMundoAlReves #JulioPe√±a  #YoloAventuras #Yolo‚Ä¶"
2021-08-21 04:09:53|"RT @MarianaxSweetie: @famoversus Rt por Bia

#KCAMexico #JoaquinBondoni #MacarenaGarcia #KarolSevilla #BiaUnMundoAlReves #JulioPe√±a #Morat‚Ä¶"
2021-08-21 04:09:04|"RT @smilexjulio_: Den rt a todo lo que vean
#KCAMexico #JulioPe√±a #JoaquinBondoni #BiaUnMundoAlReves #Good4U  #Morat #MacarenaGarcia #Karol‚Ä¶"
2021-08-21 04:08:51|"RT @LaRadioEstilo: Ma√±ana ser√° Otro D√≠a. Feliz Inicio del Fin de Semana. Aprovechando para Descansar lo que se pueda.

Tomorrow will be Ano‚Ä¶"
2021-08-21 05:52:25|RT @ParisJacksonMX: La pel√≠cula HABIT ya est√° disponible üòä Pueden mirar a trav√©s de Amazon prime, Google play movies &amp; Apple TV. @ParisJack‚Ä¶
2021-08-21 05:50:10|RT @xataka: El nuevo trailer de 'Fundaci√≥n' centra su atenci√≥n en el argumento, los emperadores cl√≥nicos y el nacimiento del proyecto de Ha‚Ä¶
2021-08-21 05:49:05|Esta peli esta muy bonita se llama CODA esta en Apple TV pero seguro en cueva est√° free https://t.co/yjxrmmIOCM
2021-08-21 05:41:54|"RT @parisjworld1: ""Habit"" est√° disponible en las siguientes plataformas digitales: Amazon Prime, Google Play Movies &amp; Apple TV.üé•üëè @bellatho‚Ä¶"
2021-08-21 05:32:20|"""Habit"" est√° disponible en las siguientes plataformas digitales: Amazon Prime, Google Play Movies &amp; Apple TV.üé•üëè‚Ä¶ https://t.co/q0IMwZBgwf"
2021-08-21 05:03:03|Apple TV+ lanzar√° temporada 2 de ¬´Truth Be Told¬ª con Octavia Spencer https://t.co/6yJ8BLIpaK
2021-08-21 04:56:35|WWDC Apple Keynote Recap @apple #wwdc https://t.co/waVsjrglQF
2021-08-21 04:37:16|RT @pablong_: Me siento identificado con esto. De hecho Apple TV se va por lo mismo https://t.co/nXpbwoUMVg
2021-08-21 04:34:20|@pablong_ Jajajajajajajaja genial. Yo Apple TV lo active por la liga y nada m√°s‚Ä¶ se fue!! Pero el HBO lo tengo ah√≠‚Ä¶ decidiendo
2021-08-21 04:20:00|La serie original de Apple est√° coprotagonizada por Laura Birn, Terrence Mann, Cassian Bilton y Alfred Enoch... https://t.co/OfHHMbxu0M
2021-08-21 03:59:32|RT @Gnoiser3: Tengo Netflix, Disney, Amazon, HBO, Apple Tv y siempre termino viendo v√≠deos random en Youtube...
2021-08-21 03:45:52|Me siento identificado con esto. De hecho Apple TV se va por lo mismo https://t.co/nXpbwoUMVg
2021-08-21 03:41:21|Apple TV removi√≥ los subt√≠tulos en espa√±ol latino y solo dej√≥ los de espa√±ol de Espa√±a y sufro con esas traducciones.
2021-08-21 03:28:31|¬°La nueva temporada de Ted Lasso es buen√≠sima!, Un perfecto conjunto de clich√©s pero relaja y motiva... Apple TV es‚Ä¶ https://t.co/3B6xUa2gb9
2021-08-21 03:27:20|"#Gossip | Apple TV+ estrenar√° el pr√≥ximo 24 de septiembre los dos primeros episodios de la serie que narra las haza‚Ä¶ https://t.co/gC0vDjZntV"
2021-08-21 03:27:10|Acabo de terminar la primera temporada de ‚ÄòPhysical‚Äô de Apple TV + e hizo que me hiciera a√∫n m√°s fan de Rose Byrne.‚Ä¶ https://t.co/UdsPoGDJGN
2021-08-21 03:23:09|@Gnoiser3 Ya te viste defending Jacob y Teheran en Apple TV?
2021-08-21 03:18:34|Tengo Netflix, Disney, Amazon, HBO, Apple Tv y siempre termino viendo v√≠deos random en Youtube... https://t.co/RQB2QqttdH
2021-08-21 03:18:33|Apple TV+ presenta el tr√°iler de ¬´Fundaci√≥n¬ª: basada en la atemporal trilog√≠a de Isaac Asimov https://t.co/F1fBBLnBfg
2021-08-21 03:11:51|Siento que tengo que ver Ted Lasso. Pero bueno no tengo Apple TV+. Extra√±o los good old days donde todo era Netflix‚Ä¶ https://t.co/1bcXTWkRmh
2021-08-21 03:07:25|#Fundaci√≥n #AppleTV+ nuevo tr√°iler de la esperada serie basada en la obra de Isaac Asimov https://t.co/h4byJSpMbV
2021-08-21 03:06:16|"Siiiiiiiii!, por fin!!!!!!!
'Fundaci√≥n: Apple TV+ presenta el sensacional nuevo tr√°iler de la esperada serie basada‚Ä¶ https://t.co/37lvpfSS6m"
2021-08-21 03:04:39|RT @jaimecamil: Excited about Schmigadoon!‚Äôs Finale tomorrow and DOC L√ìPEZ &amp; MELISSA‚Äôs future together‚Ä¶ üò≥ü§îü§´üòâ / Feliz por el episodio final‚Ä¶
2021-08-21 03:01:23|RT @jaimecamil: Bravo! üëèüèΩüëèüèΩ Standing ovation for the entire cast and crew of Schmigadoon! üëèüëèüëè Watch all episodes NOW on @AppleTVPlus @Apple‚Ä¶
2021-08-21 03:00:01|"#ElSoldeOrizaba üì∫| La serie original de Apple est√° coprotagonizada por Laura Birn, Terrence Mann, Cassian Bilton y‚Ä¶ https://t.co/QYagvJZOkP"
2021-08-21 02:56:33|Estrenos (20 de agosto): 59 series, pel√≠culas y documentales en Netflix, HBO, Filmin, Movistar+, Disney+, Amazon y‚Ä¶ https://t.co/BJe5gFpzow
2021-08-21 02:47:55|Me acabo de terminar de ver Physical y hasta el momento ninguna serie de Apple TV me ha decepcionado ‚ú®‚ú®
2021-08-21 02:42:56|"RT @boncheslatinos: ‚ÄúLas Ma√±anas de Bonches Latinos‚Äù inicia el lunes 30 de agosto por Bonches Latinos TV

M√°s detalles descargando nuestra‚Ä¶"
2021-08-21 02:40:10|"@silviacrosta @osvaldobazan Es una serie.
La pasa. Por Apple TV."
2021-08-21 02:28:22|"Hablando de Mr. Corman, una serie de Apple TV+ algo que nadie tiene, bueno, salvo la @marisgv_ 
https://t.co/nl6gXNoseB"
2021-08-21 02:15:00|#ClaroBoxTV tiene las mismas funciones como Roku, Apple TV o Chromecast https://t.co/leh9sdmSCU
2021-08-21 02:08:03|@diegovelezok @Maia_Debowicz @TedLasso Yo la veo por Apple TV‚Ä¶ pero creo que en cuevana debe estar‚Ä¶
2021-08-21 02:04:23|@soyjorgepinzon_ Y apple tv en octubre
2021-08-21 02:04:00|"#Gossip üé•| La serie original de Apple est√° coprotagonizada por Laura Birn, Terrence Mann, Cassian Bilton y Alfred E‚Ä¶ https://t.co/QSnJB3sUDt"
2021-08-21 02:02:33|@soyjorgepinzon_ Apple tv cuanto sale el plan?
2021-08-21 01:59:25|"Apple trabaj√≥ en un ""iPhone nano"" que iba a ser m√°s barato y peque√±o que el iPhone 4 (aunque nunca vio la luz) 
Cor‚Ä¶ https://t.co/GNcpnXUDXp"
2021-08-21 01:54:51|@AyudaMovistarCL tienen compatibilidad movistar Play con Apple TV???
2021-08-21 01:53:52|"I just watched Truth Be Told (2019) - S02 | E01 on Apple TV+
- - - - -
dios es fiel, y una vez m√°s me lo demuestra‚Ä¶ https://t.co/uz4uKNx810"
2021-08-21 01:53:24|"RT @IGNLatam: Ya no queremos m√°s servicios de streaming, pero esta serie no se puede dejar pasar
https://t.co/QsSYCXSXHK"
2021-08-21 01:32:59|"RT @cmf_w: ¬´Aqu√≠ estamos¬ª, una hermosa pel√≠cula que nos invita a escuchar al planeta Tierra

Es una historia basada en el popular libro inf‚Ä¶"
2021-08-21 01:30:47|@saviorespos est√° en apple tv pero yo la veo por myflixer
2021-08-21 01:30:00|"Ya no queremos m√°s servicios de streaming, pero esta serie no se puede dejar pasar
https://t.co/QsSYCXSXHK"
2021-08-21 01:20:44|@HBOMaxLA el app en Apple TV lleva mas de una semana sin poder conectarse y mandando erroresüò°
2021-08-21 01:05:02|"¬°Disfruta de nuestra app GRATUITA en todos tus dispositivos m√≥viles! Desc√°rgala aqu√≠: 

Para Android:‚Ä¶ https://t.co/3kVSRCVczF"
2021-08-21 01:01:22|"#RT @tecnodiarioblog: Tim Robbins se une al elenco de #Apple TV + ‚ÄòWool‚Äô ‚Ä¶ 

...s√≠guenos para m√°s Noticias como esta https://t.co/1UoRwq4UVq"
2021-08-21 01:00:30|Apple TV Plus estrena hoy la segunda temporada de 'Truth be Told' https://t.co/cf4ZUQcT5E  a trav√©s de @Seriepolis https://t.co/zQNJkzQBxk
2021-08-21 01:00:30|Apple TV Plus estrena hoy la segunda temporada de 'Truth be Told' https://t.co/Jsh0mjbHqr a trav√©s de @Seriepolis https://t.co/QepNx0eR4D
2021-08-21 01:00:03|Todo esto llega al streaming desde hoy, ¬øqu√© vais a ver este fin de semana? https://t.co/UFhtA6yu4n
2021-08-21 00:57:01|"¬´Aqu√≠ estamos¬ª, una hermosa pel√≠cula que nos invita a escuchar al planeta Tierra

Es una historia basada en el popu‚Ä¶ https://t.co/JuqZjwfG9Z"
2021-08-21 00:55:22|RT @tornicleto2: @Alpha_LeaderRD HBO muy por encima de netflix, en series me gustan casi todas de Apple TV y muy buenas pel√≠culas en prime
2021-08-21 00:53:03|tengo apple TV+, prime video, Netflix, Disney+ y HBO Max y termino viendo Teresa en telegram üò©üò©
2021-08-21 00:46:21|@Alpha_LeaderRD HBO muy por encima de netflix, en series me gustan casi todas de Apple TV y muy buenas pel√≠culas en prime
2021-08-21 00:42:15|RT @tornicleto2: Entre las plataformas de streamings, Netflix est√° teniendo el peor desempe√±o en calidad de imagen, sonido y fluidez. Disne‚Ä¶
2021-08-21 00:40:00|"#Tribuna #Series 
La serie original de Apple est√° coprotagonizada por Laura Birn, Terrence Mann, Cassian Bilton y A‚Ä¶ https://t.co/oMdUu3k1Xw"
2021-08-21 00:37:33|Entre las plataformas de streamings, Netflix est√° teniendo el peor desempe√±o en calidad de imagen, sonido y fluidez‚Ä¶ https://t.co/6lbhKUF3GT
2021-08-21 00:35:20|"RT @CherryAhrizona: ‚ú® SORTEO DE TARJETAS $1600 PESOS EN APPLE STORE Y GOOGLE PLAY ‚ú®

üíó Reglas:
&gt; Seguirme en Twitter @cherryahrizona 
&gt; Com‚Ä¶"
2021-08-21 00:30:59|Choto...  https://t.co/QpB1bWBI9L
2021-08-21 00:23:23|"RT @CherryAhrizona: ‚ú® SORTEO DE TARJETAS $1600 PESOS EN APPLE STORE Y GOOGLE PLAY ‚ú®

üíó Reglas:
&gt; Seguirme en Twitter @cherryahrizona 
&gt; Com‚Ä¶"
2021-08-21 00:23:17|"RT @CherryAhrizona: ‚ú® SORTEO DE TARJETAS $1600 PESOS EN APPLE STORE Y GOOGLE PLAY ‚ú®

üíó Reglas:
&gt; Seguirme en Twitter @cherryahrizona 
&gt; Com‚Ä¶"
2021-08-21 00:23:03|"RT @CherryAhrizona: ‚ú® SORTEO DE TARJETAS $1600 PESOS EN APPLE STORE Y GOOGLE PLAY ‚ú®

üíó Reglas:
&gt; Seguirme en Twitter @cherryahrizona 
&gt; Com‚Ä¶"
2021-08-21 00:22:57|"RT @CherryAhrizona: ‚ú® SORTEO DE TARJETAS $1600 PESOS EN APPLE STORE Y GOOGLE PLAY ‚ú®

üíó Reglas:
&gt; Seguirme en Twitter @cherryahrizona 
&gt; Com‚Ä¶"
2021-08-21 00:22:49|"RT @CherryAhrizona: ‚ú® SORTEO DE TARJETAS $1600 PESOS EN APPLE STORE Y GOOGLE PLAY ‚ú®

üíó Reglas:
&gt; Seguirme en Twitter @cherryahrizona 
&gt; Com‚Ä¶"
2021-08-21 00:22:46|"RT @CherryAhrizona: ‚ú® SORTEO DE TARJETAS $1600 PESOS EN APPLE STORE Y GOOGLE PLAY ‚ú®

üíó Reglas:
&gt; Seguirme en Twitter @cherryahrizona 
&gt; Com‚Ä¶"
2021-08-21 00:22:44|"RT @CherryAhrizona: ‚ú® SORTEO DE TARJETAS $1600 PESOS EN APPLE STORE Y GOOGLE PLAY ‚ú®

üíó Reglas:
&gt; Seguirme en Twitter @cherryahrizona 
&gt; Com‚Ä¶"
2021-08-21 00:22:40|"RT @CherryAhrizona: ‚ú® SORTEO DE TARJETAS $1600 PESOS EN APPLE STORE Y GOOGLE PLAY ‚ú®

üíó Reglas:
&gt; Seguirme en Twitter @cherryahrizona 
&gt; Com‚Ä¶"
2021-08-21 00:22:38|"RT @CherryAhrizona: ‚ú® SORTEO DE TARJETAS $1600 PESOS EN APPLE STORE Y GOOGLE PLAY ‚ú®

üíó Reglas:
&gt; Seguirme en Twitter @cherryahrizona 
&gt; Com‚Ä¶"
2021-08-21 00:22:38|"RT @CherryAhrizona: ‚ú® SORTEO DE TARJETAS $1600 PESOS EN APPLE STORE Y GOOGLE PLAY ‚ú®

üíó Reglas:
&gt; Seguirme en Twitter @cherryahrizona 
&gt; Com‚Ä¶"
2021-08-21 00:22:31|"RT @CherryAhrizona: ‚ú® SORTEO DE TARJETAS $1600 PESOS EN APPLE STORE Y GOOGLE PLAY ‚ú®

üíó Reglas:
&gt; Seguirme en Twitter @cherryahrizona 
&gt; Com‚Ä¶"
2021-08-21 00:22:17|"RT @CherryAhrizona: ‚ú® SORTEO DE TARJETAS $1600 PESOS EN APPLE STORE Y GOOGLE PLAY ‚ú®

üíó Reglas:
&gt; Seguirme en Twitter @cherryahrizona 
&gt; Com‚Ä¶"
2021-08-21 00:22:14|"RT @CherryAhrizona: ‚ú® SORTEO DE TARJETAS $1600 PESOS EN APPLE STORE Y GOOGLE PLAY ‚ú®

üíó Reglas:
&gt; Seguirme en Twitter @cherryahrizona 
&gt; Com‚Ä¶"
2021-08-21 00:21:53|"RT @CherryAhrizona: ‚ú® SORTEO DE TARJETAS $1600 PESOS EN APPLE STORE Y GOOGLE PLAY ‚ú®

üíó Reglas:
&gt; Seguirme en Twitter @cherryahrizona 
&gt; Com‚Ä¶"
2021-08-21 00:19:39|"RT @CherryAhrizona: ‚ú® SORTEO DE TARJETAS $1600 PESOS EN APPLE STORE Y GOOGLE PLAY ‚ú®

üíó Reglas:
&gt; Seguirme en Twitter @cherryahrizona 
&gt; Com‚Ä¶"
2021-08-21 00:19:02|"RT @CherryAhrizona: ‚ú® SORTEO DE TARJETAS $1600 PESOS EN APPLE STORE Y GOOGLE PLAY ‚ú®

üíó Reglas:
&gt; Seguirme en Twitter @cherryahrizona 
&gt; Com‚Ä¶"
2021-08-21 00:18:09|"RT @CherryAhrizona: ‚ú® SORTEO DE TARJETAS $1600 PESOS EN APPLE STORE Y GOOGLE PLAY ‚ú®

üíó Reglas:
&gt; Seguirme en Twitter @cherryahrizona 
&gt; Com‚Ä¶"
2021-08-21 00:18:07|"RT @CherryAhrizona: ‚ú® SORTEO DE TARJETAS $1600 PESOS EN APPLE STORE Y GOOGLE PLAY ‚ú®

üíó Reglas:
&gt; Seguirme en Twitter @cherryahrizona 
&gt; Com‚Ä¶"
2021-08-21 00:17:52|"RT @CherryAhrizona: ‚ú® SORTEO DE TARJETAS $1600 PESOS EN APPLE STORE Y GOOGLE PLAY ‚ú®

üíó Reglas:
&gt; Seguirme en Twitter @cherryahrizona 
&gt; Com‚Ä¶"
2021-08-21 00:17:29|"RT @CherryAhrizona: ‚ú® SORTEO DE TARJETAS $1600 PESOS EN APPLE STORE Y GOOGLE PLAY ‚ú®

üíó Reglas:
&gt; Seguirme en Twitter @cherryahrizona 
&gt; Com‚Ä¶"
2021-08-21 00:17:08|"RT @CherryAhrizona: ‚ú® SORTEO DE TARJETAS $1600 PESOS EN APPLE STORE Y GOOGLE PLAY ‚ú®

üíó Reglas:
&gt; Seguirme en Twitter @cherryahrizona 
&gt; Com‚Ä¶"
2021-08-21 00:16:39|"RT @CherryAhrizona: ‚ú® SORTEO DE TARJETAS $1600 PESOS EN APPLE STORE Y GOOGLE PLAY ‚ú®

üíó Reglas:
&gt; Seguirme en Twitter @cherryahrizona 
&gt; Com‚Ä¶"
2021-08-21 00:16:32|"RT @CherryAhrizona: ‚ú® SORTEO DE TARJETAS $1600 PESOS EN APPLE STORE Y GOOGLE PLAY ‚ú®

üíó Reglas:
&gt; Seguirme en Twitter @cherryahrizona 
&gt; Com‚Ä¶"
2021-08-21 00:15:51|"RT @CherryAhrizona: ‚ú® SORTEO DE TARJETAS $1600 PESOS EN APPLE STORE Y GOOGLE PLAY ‚ú®

üíó Reglas:
&gt; Seguirme en Twitter @cherryahrizona 
&gt; Com‚Ä¶"
2021-08-21 00:14:23|"RT @CherryAhrizona: ‚ú® SORTEO DE TARJETAS $1600 PESOS EN APPLE STORE Y GOOGLE PLAY ‚ú®

üíó Reglas:
&gt; Seguirme en Twitter @cherryahrizona 
&gt; Com‚Ä¶"
2021-08-21 00:14:09|"RT @CherryAhrizona: ‚ú® SORTEO DE TARJETAS $1600 PESOS EN APPLE STORE Y GOOGLE PLAY ‚ú®

üíó Reglas:
&gt; Seguirme en Twitter @cherryahrizona 
&gt; Com‚Ä¶"
2021-08-21 00:14:09|"RT @CherryAhrizona: ‚ú® SORTEO DE TARJETAS $1600 PESOS EN APPLE STORE Y GOOGLE PLAY ‚ú®

üíó Reglas:
&gt; Seguirme en Twitter @cherryahrizona 
&gt; Com‚Ä¶"
2021-08-21 00:14:08|"RT @CherryAhrizona: ‚ú® SORTEO DE TARJETAS $1600 PESOS EN APPLE STORE Y GOOGLE PLAY ‚ú®

üíó Reglas:
&gt; Seguirme en Twitter @cherryahrizona 
&gt; Com‚Ä¶"
2021-08-21 00:13:47|"RT @CherryAhrizona: ‚ú® SORTEO DE TARJETAS $1600 PESOS EN APPLE STORE Y GOOGLE PLAY ‚ú®

üíó Reglas:
&gt; Seguirme en Twitter @cherryahrizona 
&gt; Com‚Ä¶"
2021-08-21 00:13:00|"RT @CherryAhrizona: ‚ú® SORTEO DE TARJETAS $1600 PESOS EN APPLE STORE Y GOOGLE PLAY ‚ú®

üíó Reglas:
&gt; Seguirme en Twitter @cherryahrizona 
&gt; Com‚Ä¶"
2021-08-21 00:12:11|"RT @CherryAhrizona: ‚ú® SORTEO DE TARJETAS $1600 PESOS EN APPLE STORE Y GOOGLE PLAY ‚ú®

üíó Reglas:
&gt; Seguirme en Twitter @cherryahrizona 
&gt; Com‚Ä¶"
2021-08-21 00:12:06|"RT @CherryAhrizona: ‚ú® SORTEO DE TARJETAS $1600 PESOS EN APPLE STORE Y GOOGLE PLAY ‚ú®

üíó Reglas:
&gt; Seguirme en Twitter @cherryahrizona 
&gt; Com‚Ä¶"
2021-08-21 00:10:24|Es un must para los amantes de la m√∫sica @AppleTV https://t.co/UuMvuDChxZ
2021-08-21 00:02:06|Mi d√≠a solo lo salva una cosa: @justjosea recomi√©ndame algo entre netflix Amazon y Apple TV xfa
2021-08-21 00:00:00|"Encontrar trufas es una tarea muy dif√≠cil, lo bueno es que tenemos a nuestros mejores amigos para encontrarlas.
No‚Ä¶ https://t.co/Jn1K27JN3C"
2021-08-20 23:53:00|RT @begolecumberri: Con orgullo les comparto la entrevista que @SusanaMoscatel les hace a Justin Theroux y Melissa Gilbert, quienes expresa‚Ä¶
2021-08-20 23:51:49|"La fundacion de #Asimov llega a las pantallas =)
Pero solo por apple tv =(

https://t.co/YKmrKSIlte"
2021-08-20 23:45:47|RT @Seriepolis: La destrucci√≥n y reinicio de una civilizaci√≥n. Trailer oficial de #Foundation. la nueva serie original de Apple TV Plus bas‚Ä¶
2021-08-20 23:33:58|RT @SalaLlenaMX: Poppy Parnell (Octavia¬†Spencer) se enfrenta a un nuevo caso cuando su amiga de la infancia y magnate de los medios Micah K‚Ä¶
2021-08-20 23:27:45|Impresionante tr√°iler de 'Fundaci√≥n': Apple TV  no escatima en gastos para suceder a 'Juego de Tronos' - eCartelera https://t.co/AvBWTCdoVW
2021-08-20 23:18:23|@DeWinterMxx @HBOMaxLA En que dispositivo la viste? Yo en un apple tv y no aparecen asi, pero en el chromecast son igual a los tuyos
2021-08-20 22:59:14|"Steve Jobs quiso lanzar un iPhone nano m√°s peque√±o que el iPhone 4, y tambi√©n m√°s barato 
Epic se cans√≥ de las comi‚Ä¶ https://t.co/vaKJ9uElj5"
2021-08-20 22:48:30|RT @LaMMordida: Hoy es viernes de #TedLasso üë®üèª‚öΩÔ∏è  ¬ø¬ø¬øC√ìMO??? ¬øQu√© todav√≠a no conoces la serie m√°s popular de Apple TV+? Aqu√≠ te contamos to‚Ä¶
2021-08-21 05:56:02|"RT @Vantedxboy: Esta votaci√≥n TERMINA ma√±ana a la 1 PM KST y vamos en 2 LUGAR

1.  1.727 M +
2. BTS - 1.725 M +

- Nombre que te guste
- Ne‚Ä¶"
2021-08-21 05:55:47|"üìΩ En el mejor momento üáÆüáπ
#Netflix
#Movie
ü•∞ü•∞ü•∞ü•∞ü•∞ü•∞ü•∞"
2021-08-21 05:55:30|PTLW LE IBA A HABLAR CON LA EXCUSA DE QUE SALIERA DE MI NETFLIX, PERO NO TENGO EL NUMERO CAGUE
2021-08-21 05:55:04|"RT @GustavoRosarino: Como dijo una tuitera, pulgar abajo al Reino los que tengan Netflix 
#NoMiramosElReino https://t.co/N87e7zDQH4"
2021-08-21 05:55:01|RT @Lizgottik: Mientras ustedes ven Netflix, L√≥pez Obrador ve el fin de su poder absoluto.
2021-08-21 05:54:11|"RT @Vantedxboy: Esta votaci√≥n TERMINA ma√±ana a la 1 PM KST y vamos en 2 LUGAR

1.  1.727 M +
2. BTS - 1.725 M +

- Nombre que te guste
- Ne‚Ä¶"
2021-08-21 05:53:50|RT @Tomister_: Lo tendr√© en cuenta Netflix https://t.co/JCwts7772O
2021-08-21 05:53:40|"RT @Vantedxboy: Esta votaci√≥n TERMINA ma√±ana a la 1 PM KST y vamos en 2 LUGAR

1.  1.727 M +
2. BTS - 1.725 M +

- Nombre que te guste
- Ne‚Ä¶"
2021-08-21 05:53:37|D√≠ganme una buena serie de comedia para ver en Netflix
2021-08-21 05:53:27|"RT @Vantedxboy: Esta votaci√≥n TERMINA ma√±ana a la 1 PM KST y vamos en 2 LUGAR

1.  1.727 M +
2. BTS - 1.725 M +

- Nombre que te guste
- Ne‚Ä¶"
2021-08-21 05:53:27|"El feto gigante lleg√≥ a Netflix de mano de la mano de ""El Reino"" ü§£"
2021-08-21 05:52:58|@laudegov La Netflix. Ya me hice a la idea de que aqui se acaba mi desendencia üòÇ pero hey!, los viajes van a seguir, espero pronto.
2021-08-21 05:52:03|"RT @Vantedxboy: Esta votaci√≥n TERMINA ma√±ana a la 1 PM KST y vamos en 2 LUGAR

1.  1.727 M +
2. BTS - 1.725 M +

- Nombre que te guste
- Ne‚Ä¶"
2021-08-21 05:52:02|Soy fan de la serie de Valeria, veanla en Netflix üíóüë©üèª‚Äçüíªüìñ
2021-08-21 05:51:48|RT @garabatohembra: tampoco se puede hacer un an√°lisis religio-sociol√≥gico de una producci√≥n que se sostiene en la zunga del actor del mome‚Ä¶
2021-08-21 05:51:31|RT @actrices_arg: Expresamos nuestro apoyo a @claudiapineiro y  repudiamos los ataques que recibi√≥ por su trabajo como guionista de la seri‚Ä¶
2021-08-21 05:51:29|"RT @Estampas: #Estampas | Hoy se estrena En el mejor momento en #Netflix, una rom√°ntica pel√≠cula italiana que gira en torno a una encantado‚Ä¶"
2021-08-21 05:51:25|"RT @Vantedxboy: Esta votaci√≥n TERMINA ma√±ana a la 1 PM KST y vamos en 2 LUGAR

1.  1.727 M +
2. BTS - 1.725 M +

- Nombre que te guste
- Ne‚Ä¶"
2021-08-21 05:51:17|Yo vi uno hace poco, est√° en Netflix
2021-08-21 05:51:15|"RT @vianneymga: ¬°Tienen que ver esta pel√≠cula!  Se llama ‚ÄôEn el mejor momento‚Äô est√° en Netflix 

‚≠êÔ∏è‚≠êÔ∏è‚≠êÔ∏è‚≠êÔ∏è‚≠êÔ∏è https://t.co/fUCTUgV2tg"
2021-08-21 05:51:05|"RT @Filmaffinity: Los creadores de ""Juego de Tronos"" se pasan a la comedia negra en ""La directora"", miniserie de 6 episodios que ya est√° di‚Ä¶"
2021-08-21 05:51:01|@carlosgzfl Jajajajajaj pero eso fue en mi juventud... ahorita amanecer para mi es sin√≥nimo de ver series en netflix
2021-08-21 05:50:58|A mirar Netflix porque ese documental no se va a ver solo
2021-08-21 05:50:51|"RT @JPMattiacci: No miro actores ""k"".
Y deber√≠amos dar de baja todos juntos en un mismo d√≠a a Netflix por esta serie... https://t.co/K4ILJl‚Ä¶"
2021-08-21 05:50:25|tampoco se puede hacer un an√°lisis religio-sociol√≥gico de una producci√≥n que se sostiene en la zunga del actor del‚Ä¶ https://t.co/4hKcl4EG2o
2021-08-21 05:50:18|Como que quitaron mi pel√≠cula favorita de Netflix!? üò©üò©
2021-08-21 05:50:17|Pa que pagan Netflix si no es pa ver chuerk?
2021-08-21 05:50:12|"RT @llucbuch: ""Estas personas suelen madurar de verdad pasados los 37, calculo. Y entonces es cuando a algunos les entran las prisas y acab‚Ä¶"
2021-08-21 05:50:12|RT @Tomister_: Lo tendr√© en cuenta Netflix https://t.co/JCwts7772O
2021-08-21 05:50:08|"RT @Estampas: #Estampas | Hoy se estrena En el mejor momento en #Netflix, una rom√°ntica pel√≠cula italiana que gira en torno a una encantado‚Ä¶"
2021-08-21 05:50:01|"RT @GustavoRosarino: Como dijo una tuitera, pulgar abajo al Reino los que tengan Netflix 
#NoMiramosElReino https://t.co/N87e7zDQH4"
2021-08-21 05:49:49|RT @UtopiaCode: ¬øDonde consiguen a sus novios que llegan a su casa con helado a ver Netflix? Tengo antojo y mis amigas son las peores del m‚Ä¶
2021-08-21 05:49:43|Y mi romance adolescente como los de netflix donde carajos esta?????
2021-08-21 05:49:42|RT @AmericaTV: #ENTREVISTA üçø Peter Lanzani (@p_lanzani) convers√≥ mano a mano con @agusmonti sobre #ElReino, la serie argentina de #Netflix‚Ä¶
2021-08-21 05:49:22|Che al final Near es hombre o mujer? En la traducci√≥n de Netflix el personaje usaba pronombres femeninos pero voy a wikki y es masculino...
2021-08-21 05:49:03|Siento que le falle a mi generaci√≥n porque yo si prefiero los fines de netflix que andar en la peda destructivaü•∫ü•¥
2021-08-21 05:48:40|RT @levmauc: Netflix estrena en cinco d√≠as mundialmente la pel√≠cula de terror THE OLD WAYS, la historia de una periodista que viaja a Verac‚Ä¶
2021-08-21 05:48:40|RT @AmericaTV: #ENTREVISTA üçø Peter Lanzani (@p_lanzani) convers√≥ mano a mano con @agusmonti sobre #ElReino, la serie argentina de #Netflix‚Ä¶
2021-08-21 05:48:39|@tswiftt91 estaba en netflix pero la sacan la ponen y asi rodo el tiempo
2021-08-21 05:48:37|Definitivamente el d√≠a que quiten bajo la lluvia de Netflix voy a fallecer. Ver esa serie es la √∫nica constante en esta miserable vida.
2021-08-21 05:48:25|RT @AmericaTV: #ENTREVISTA üçø Peter Lanzani (@p_lanzani) convers√≥ mano a mano con @agusmonti sobre #ElReino, la serie argentina de #Netflix‚Ä¶
2021-08-21 05:48:24|@Vantedxboy @BTS_twt Dejo en claro que soy fan n√∫mero #1 de Ladybug, estoy esperando que pongan en Netflix la cuart‚Ä¶ https://t.co/mtZk9q5JtF
2021-08-21 05:48:13|Teniendo Netflix y Disney dedic√≥ mi tiempo en ver dramas en p√°ginas con mil virus, me paso...
2021-08-21 05:48:12|#ÏôïÏù¥ÎêúÎÇ®Ïûê #TheCrownedClown #ElPayasoCoronaro ‚≠ê‚≠ê‚≠ê‚≠ê‚≠ê #Kdrama Excelente drama coreano tipo hist√≥rico, un buen elenco, esc‚Ä¶ https://t.co/Ezl6SuLfhF
2021-08-21 05:47:45|@Zerecito As√≠ que puedes saltarlas e ir a la pel√≠cula End of Evangelion. Todo esto est√° en Netflix. Y luego sigue R‚Ä¶ https://t.co/CFy9bi9Lzb
2021-08-21 05:47:33|Mil horas esperando a @_mariansita para ver una pel√≠cula en Netflix Party üôÑüôÑüôÑüôÑ
2021-08-21 05:47:24|"Una historia que merece ser vista. ""El Pepe, una historia suprema"", en Netflix. 
üëâ Un avance que puedes ver en Yout‚Ä¶ https://t.co/YuGAD4r4ug"
2021-08-21 05:47:23|"#CineYSeries üçø] ""El Reino"", la nueva serie argentina que se estren√≥ esta semana en #Netflix, y ya gener√≥ pol√©mica.‚Ä¶ https://t.co/UoSno0dhzr"
2021-08-21 05:47:15|"RT @El_Abogad: Te ment√≠, no tengo Netflix.... 

Abre t√∫ C√≥digo Civil en el cap√≠tulo del Matrimonio"
2021-08-21 05:46:35|#Noticia Iglesia evang√©lica de Argentina trata de censurar serie de Netflix por mostrar vida de estafas y enga√±os d‚Ä¶ https://t.co/1G6tw6LvYa
2021-08-21 05:46:31|despu√©s de que me termino un drama/anime en paginas de dudosa procedencia reci√©n ah√≠ los suben a netflix me tienen HARTA
2021-08-21 05:46:03|He tenido dos sue√±os est√° semana dignos de ser una serie de Netflix... Espero dormir y tener el tercer cap√≠tulo de mi sue√±o.
2021-08-21 05:46:00|@Moon_kytti te dir√≠a yo pero olvid√© mi contrase√±a jskdjs pero tengo netflix por si acaso&lt;3
2021-08-21 05:45:57|Una copa de vino, peli de Netflix y mi cobija se convirtieron en mi plan favorito de viernes por la noche.
2021-08-21 05:45:49|"RT @Vantedxboy: Esta votaci√≥n TERMINA ma√±ana a la 1 PM KST y vamos en 2 LUGAR

1.  1.727 M +
2. BTS - 1.725 M +

- Nombre que te guste
- Ne‚Ä¶"
2021-08-21 05:45:42|recomienden series o peliculas de disney + o netflix ü•± por favor
2021-08-21 05:45:38|@happy_rosana55 Ver Netflix... Mentira.... Mamarte la panocha
2021-08-21 05:45:20|@Netflix_PH Les pago üõê
2021-08-21 05:44:54|"Bienvenido insomnio!!!
2:43 de s√°bado 
Gracias Netflix https://t.co/mWgrNaOQeg"
2021-08-21 05:44:49|RT @iEsteusuario: ‚ìò Este usuario quiere Mimir con vos abrazados y ver Netflix
2021-08-21 05:44:46|MegA recomendable #documental en #Netflix sobre la estupida #ConversionTherapy #gay v√©anlo !! üè≥Ô∏è‚Äçüåà https://t.co/FIhtWeq2tz
2021-08-21 05:44:33|RT @DiarioDeDoramas: M√°s de 500 lecturas a tenido la opini√≥n de #TheCrownedClown en los 3 √∫ltimos d√≠as, su llegada a #Netflix parece que ha‚Ä¶
2021-08-21 05:44:18|‚òÄÔ∏è El ‚ÄúNetflix chino‚Äù despide a su asistente virtual por sexy... https://t.co/G3Rn0BnjCw
2021-08-21 05:44:13|@yuremidlr Yo pens√© q si quer√≠a ver Netflix : (
2021-08-21 05:44:02|@lachavasad JAJAJA me va a cancelar la serie Netflix
2021-08-21 05:44:01|"@HiroEMRx @MarcWinslow Cierto
Los fansub le met√≠an karaokes a los opening ending y las ost
Ahora en crunchyroll o F‚Ä¶ https://t.co/yfPn8JkT45"
2021-08-21 05:43:05|Pero necesito saber que paso, pero netflix saca las segundas temporadas cada mil a√±os
2021-08-21 05:42:58|"@IDaryl_ Yo vi ""Stranger"" en Netflix que es una serie policial koreana y me pareci√≥ de lo mejor que hay en la plataforma."
2021-08-21 05:42:46|"RT @indiehoy: Varias de estas pel√≠culas sobre Afganist√°n pueden verse en Netflix:
https://t.co/CBsJ6lRRp9"
2021-08-21 05:42:39|"Nadamas llueve tantito
Autom√°ticamente yo: üòçü§≠ü§≠
#Hurac√°nGrace #Lluvia #Netflix #Crep√∫sculo #Tampico üòä https://t.co/9S7cdjCd4F"
2021-08-21 05:42:21|RT @marisolvilla31: ay ya pongan la 17 temporada de grey's en netflix, ya fue suficiente ver la muerte de derek unas 200 veces
2021-08-21 05:42:08|"Aunq bastante exagerada, me gust√≥... Hablando de farmac√©uticas... üôÇ

¬øYa has visto ‚ÄúSweet Girl‚Äù en Netflix?

https://t.co/aXdkUw3BJ9"
2021-08-21 05:41:55|"RT @El_Abogad: Te ment√≠, no tengo Netflix.... 

Abre t√∫ C√≥digo Civil en el cap√≠tulo del Matrimonio"
2021-08-21 05:41:55|No tengo ni sue√±o hoy me acuesto tarde viendo Netflix
2021-08-21 05:41:43|RT @horrorlosers: BRAND NEW CHERRY FLAVOR (2021)üíÄüíÄüíÄüíÄ La sorpresa del verano en Netflix. Un LA Gothic fascinante que desaf√≠a los l√≠mites del‚Ä¶
2021-08-21 05:41:29|@netflix @NetflixLAT  ¬øPara cu√°ndo la trilog√≠a de notas perfectas?
2021-08-21 05:41:04|"Yo: voy a ver una peli en Netflix 
Mi tiktok: ibassssssssü§°ü§°"
2021-08-21 05:40:58|Ya est√° la 1ra temporada de Total Drama Island en Netflix üò≠
2021-08-21 05:40:50|RT @ForucinemaLatam: Excelente anuncio de #ElReino, la nueva serie de Netflix, en Buenos Aires. üá¶üá∑ https://t.co/3q859Oxc83
2021-08-21 05:40:40|Ya no hay m√°s tp de greys anatomy en  Netflix , necesito la √∫ltima https://t.co/npVoGmjgJx
2021-08-21 05:40:12|"&gt;me pongo cualquier serie en netflix siempre en versi√≥n original
&gt;en alg√∫n punto de la serie pongo los subtitulos e‚Ä¶ https://t.co/biVj5AOQaG"
2021-08-21 05:39:58|"RT @marianocaba: Realmente Netflix me tiene podrido  sugiri√©ndome que vea El Reino...
A ver... Si siguen poniendo porquer√≠as K, NO CUENTEN‚Ä¶"
2021-08-21 05:39:43|RT @clarincom: Sky Rojo, entre las 10 mejores series de Netflix, seg√∫n The New York Times https://t.co/QYgghzKcTo
2021-08-21 05:39:23|"RT @marianocaba: Realmente Netflix me tiene podrido  sugiri√©ndome que vea El Reino...
A ver... Si siguen poniendo porquer√≠as K, NO CUENTEN‚Ä¶"
2021-08-21 05:39:16|"RT @Lfcqueen29: NÃ∂eÃ∂tÃ∂fÃ∂lÃ∂iÃ∂xÃ∂ Ã∂aÃ∂nÃ∂dÃ∂ Ã∂cÃ∂hÃ∂iÃ∂lÃ∂lÃ∂ Ã∂
Premier league and chill ‚úÖ"
2021-08-21 05:39:14|RT @Howpple: Netflix empieza a ofrecer Sonido Espacial a los usuarios de AirPods Pro y AirPods Max!!! https://t.co/sEQ3y1ekoE
2021-08-21 05:39:10|@Dianalicethdiaz Vidas d papel en Netflix y Mientras dure la guerra en HBO
2021-08-21 05:39:08|"RT @El_Abogad: Te ment√≠, no tengo Netflix.... 

Abre t√∫ C√≥digo Civil en el cap√≠tulo del Matrimonio"
2021-08-21 05:38:42|@MiaxLyniel Una serie XD bueno una serie de suspenso xd y de algunas muertes est√° en Netflix üòÅüëç
2021-08-21 05:38:33|@emeepeve Es buena, esta en Netflix
2021-08-21 05:38:32|RT @NewsQepd: #M√∫sica #Cultura HERNAN CATTANEO presenta FUTURE MEMORIES: Tras su aclamado libro ‚ÄòEl Sue√±o del DJ‚Äô y de consagrarse en Netfl‚Ä¶
2021-08-21 05:38:15|"RT @Vantedxboy: Esta votaci√≥n TERMINA ma√±ana a la 1 PM KST y vamos en 2 LUGAR

1.  1.727 M +
2. BTS - 1.725 M +

- Nombre que te guste
- Ne‚Ä¶"
2021-08-21 05:38:05|#M√∫sica #Cultura HERNAN CATTANEO presenta FUTURE MEMORIES: Tras su aclamado libro ‚ÄòEl Sue√±o del DJ‚Äô y de consagrars‚Ä¶ https://t.co/yq356TywLJ
2021-08-21 05:38:02|igual ni tengo Netflix pero que buen dato
2021-08-21 05:38:00|"RT @Vantedxboy: Esta votaci√≥n TERMINA ma√±ana a la 1 PM KST y vamos en 2 LUGAR

1.  1.727 M +
2. BTS - 1.725 M +

- Nombre que te guste
- Ne‚Ä¶"
2021-08-21 05:37:33|no jodan esta en Netflix? wtf apenas me entero
2021-08-21 05:37:28|@CLaurac23 @RatingColombia @NoticiasCaracol Enfermeras es algo nuevo, pena deber√≠a darle que nuevo rico tenga m√°s r‚Ä¶ https://t.co/n7wIAITD0d
2021-08-21 05:37:26|"Van a subir Hotel Del Luna a Netflix.

Que vuelva a sufrir, dice."
2021-08-21 05:37:23|@was_charro Porqu√© no ver Netflix o Amazon? Es muy Fifi?
2021-08-21 05:36:38|Tengo netflix, disney+ y hbomax y termino viendo pelis en pelisplus JAJAJA. üòÖ
